id,customer_name,country,order_date,product,quantity,unit_price,order_total,status,sales_rep
1,Customer 1,Australia,2022-10-17,Keyboard,5,719.87,3599.35,DELIVERED,Bob
2,Customer 2,Germany,2021-01-11,Phone,14,2288.03,32032.42,CANCELLED,Alice
3,Customer 3,France,2024-08-22,Tablet,6,1190.89,7145.34,DELIVERED,Bob
4,Customer 4,Australia,2020-04-04,Tablet,15,2059.19,30887.85,NEW,Diana
5,Customer 5,Japan,2020-02-16,Tablet,2,1910.94,3821.88,CANCELLED,Alice
6,Customer 6,Japan,2024-01-15,Laptop,1,530.29,530.29,NEW,Eve
7,Customer 7,USA,2022-09-30,Tablet,5,553.08,2765.4,CANCELLED,Eve
8,Customer 8,UK,2023-06-02,Laptop,7,1210.11,8470.77,DELIVERED,Alice
9,Customer 9,Australia,2022-02-12,Phone,17,276.61,4702.37,NEW,Bob
10,Customer 10,USA,2020-02-15,Monitor,11,2362.9,25991.9,DELIVERED,Eve
11,Customer 11,Australia,2020-12-25,Phone,14,2154.15,30158.1,DELIVERED,Diana
12,Customer 12,Germany,2020-10-16,Mouse,8,255.23,2041.84,DELIVERED,Bob
13,Customer 13,USA,2022-06-27,Keyboard,10,2195.65,21956.5,CANCELLED,Carlos
14,Customer 14,Australia,2024-11-12,Tablet,17,347.35,5904.95,SHIPPED,Diana
15,Customer 15,Australia,2024-09-20,Tablet,19,1675.78,31839.82,DELIVERED,Carlos
16,Customer 16,Australia,2023-09-12,Laptop,15,1528.54,22928.1,NEW,Bob
17,Customer 17,Australia,2023-04-08,Laptop,2,1759.45,3518.9,NEW,Carlos
18,Customer 18,Italy,2022-10-05,Phone,6,1022.25,6133.5,NEW,Eve
19,Customer 19,Australia,2024-11-20,Monitor,3,1868.42,5605.26,SHIPPED,Bob
20,Customer 20,UK,2022-04-10,Keyboard,20,2346.22,46924.4,CANCELLED,Diana
21,Customer 21,France,2021-08-15,Keyboard,3,1914.91,5744.73,NEW,Alice
22,Customer 22,Germany,2020-02-22,Tablet,13,1932.1,25117.3,DELIVERED,Diana
23,Customer 23,UK,2021-12-30,Mouse,5,262.78,1313.9,DELIVERED,Bob
24,Customer 24,Japan,2024-11-07,Tablet,20,1827.45,36549.0,CANCELLED,Carlos
25,Customer 25,Japan,2023-11-09,Laptop,10,667.44,6674.4,DELIVERED,Bob
26,Customer 26,Australia,2023-01-18,Mouse,15,2243.04,33645.6,NEW,Alice
27,Customer 27,Australia,2021-02-17,Monitor,18,2036.39,36655.02,SHIPPED,Alice
28,Customer 28,Italy,2022-04-30,Mouse,14,840.21,11762.94,CANCELLED,Carlos
29,Customer 29,Italy,2021-12-14,Tablet,4,1142.16,4568.64,DELIVERED,Bob
30,Customer 30,Japan,2022-10-12,Keyboard,11,2343.81,25781.91,CANCELLED,Alice
31,Customer 31,Italy,2022-04-16,Keyboard,17,1556.38,26458.46,CANCELLED,Bob
32,Customer 32,Australia,2024-03-29,Mouse,6,1592.31,9553.86,DELIVERED,Alice
33,Customer 33,UK,2024-04-21,Mouse,16,527.13,8434.08,DELIVERED,Diana
34,Customer 34,USA,2022-08-27,Laptop,14,1801.64,25222.96,DELIVERED,Eve
35,Customer 35,USA,2021-09-28,Laptop,19,37.96,721.24,CANCELLED,Diana
36,Customer 36,Italy,2022-07-27,Laptop,8,1703.43,13627.44,CANCELLED,Eve
37,Customer 37,Japan,2023-08-12,Laptop,19,1109.43,21079.17,DELIVERED,Bob
38,Customer 38,Italy,2024-11-15,Laptop,5,699.27,3496.35,CANCELLED,Bob
39,Customer 39,Italy,2020-03-10,Mouse,17,1496.89,25447.13,SHIPPED,Alice
40,Customer 40,Japan,2024-08-23,Keyboard,8,73.99,591.92,CANCELLED,Diana
41,Customer 41,Japan,2021-08-10,Keyboard,8,1212.8,9702.4,NEW,Eve
42,Customer 42,Japan,2021-04-05,Mouse,7,1296.92,9078.44,NEW,Alice
43,Customer 43,UK,2024-06-18,Monitor,14,596.57,8351.98,CANCELLED,Diana
44,Customer 44,Japan,2023-08-18,Tablet,3,1780.5,5341.5,SHIPPED,Alice
45,Customer 45,Japan,2023-07-03,Phone,7,1609.51,11266.57,SHIPPED,Eve
46,Customer 46,UK,2022-06-12,Tablet,18,1135.06,20431.08,NEW,Eve
47,Customer 47,UK,2021-10-25,Phone,4,539.56,2158.24,NEW,Alice
48,Customer 48,Australia,2022-07-12,Phone,17,1201.11,20418.87,NEW,Bob
49,Customer 49,Japan,2024-01-19,Tablet,19,1853.21,35210.99,SHIPPED,Bob
50,Customer 50,Australia,2022-11-20,Phone,5,2033.43,10167.15,DELIVERED,Bob
51,Customer 51,France,2023-04-18,Tablet,10,842.67,8426.7,DELIVERED,Alice
52,Customer 52,Australia,2023-11-18,Phone,10,1051.17,10511.7,SHIPPED,Diana
53,Customer 53,Germany,2022-10-05,Mouse,19,2275.9,43242.1,CANCELLED,Alice
54,Customer 54,Italy,2022-03-05,Phone,13,2383.3,30982.9,SHIPPED,Alice
55,Customer 55,Australia,2020-12-20,Laptop,6,779.58,4677.48,CANCELLED,Alice
56,Customer 56,Australia,2020-02-16,Keyboard,13,1250.71,16259.23,CANCELLED,Diana
57,Customer 57,Italy,2021-01-28,Laptop,13,2091.06,27183.78,CANCELLED,Eve
58,Customer 58,Italy,2024-01-24,Laptop,18,645.21,11613.78,CANCELLED,Eve
59,Customer 59,Australia,2021-11-27,Keyboard,4,1032.72,4130.88,DELIVERED,Bob
60,Customer 60,France,2024-01-02,Laptop,14,1132.78,15858.92,SHIPPED,Bob
61,Customer 61,Australia,2024-08-31,Tablet,12,46.36,556.32,NEW,Carlos
62,Customer 62,France,2021-01-16,Laptop,2,225.78,451.56,SHIPPED,Eve
63,Customer 63,France,2023-01-12,Phone,3,2178.19,6534.57,NEW,Diana
64,Customer 64,Italy,2023-12-16,Keyboard,18,727.5,13095.0,CANCELLED,Bob
65,Customer 65,Australia,2024-03-12,Keyboard,14,2050.6,28708.4,DELIVERED,Diana
66,Customer 66,France,2021-10-07,Tablet,9,2153.12,19378.08,CANCELLED,Bob
67,Customer 67,UK,2020-07-05,Monitor,9,1049.77,9447.93,CANCELLED,Carlos
68,Customer 68,Japan,2024-12-20,Mouse,11,1343.01,14773.11,SHIPPED,Eve
69,Customer 69,Japan,2023-11-04,Keyboard,1,1007.42,1007.42,SHIPPED,Carlos
70,Customer 70,UK,2024-06-17,Mouse,6,715.8,4294.8,DELIVERED,Eve
71,Customer 71,USA,2022-09-28,Laptop,10,1256.96,12569.6,SHIPPED,Alice
72,Customer 72,Italy,2020-01-23,Keyboard,6,880.7,5284.2,CANCELLED,Diana
73,Customer 73,Australia,2024-12-15,Monitor,12,1938.69,23264.28,NEW,Bob
74,Customer 74,Germany,2022-05-19,Monitor,16,868.47,13895.52,DELIVERED,Alice
75,Customer 75,Italy,2022-07-19,Phone,1,2497.89,2497.89,DELIVERED,Eve
76,Customer 76,Australia,2024-03-17,Monitor,3,1184.24,3552.72,DELIVERED,Diana
77,Customer 77,UK,2021-06-15,Keyboard,20,1487.36,29747.2,SHIPPED,Bob
78,Customer 78,Japan,2021-04-13,Tablet,9,1676.95,15092.55,CANCELLED,Alice
79,Customer 79,Italy,2024-03-23,Tablet,5,362.56,1812.8,DELIVERED,Carlos
80,Customer 80,Japan,2020-09-10,Phone,4,2173.29,8693.16,NEW,Diana
81,Customer 81,UK,2021-07-06,Tablet,16,566.28,9060.48,CANCELLED,Bob
82,Customer 82,Japan,2022-04-09,Phone,4,1649.97,6599.88,CANCELLED,Carlos
83,Customer 83,Germany,2023-10-03,Keyboard,9,579.95,5219.55,CANCELLED,Diana
84,Customer 84,UK,2021-09-16,Keyboard,20,481.51,9630.2,DELIVERED,Bob
85,Customer 85,Germany,2020-03-31,Mouse,4,587.17,2348.68,NEW,Diana
86,Customer 86,Germany,2021-01-28,Monitor,18,221.6,3988.8,DELIVERED,Alice
87,Customer 87,UK,2022-05-24,Laptop,16,299.4,4790.4,SHIPPED,Eve
88,Customer 88,Japan,2021-09-14,Laptop,18,500.48,9008.64,SHIPPED,Alice
89,Customer 89,Italy,2022-10-28,Laptop,15,1239.25,18588.75,CANCELLED,Eve
90,Customer 90,UK,2023-10-22,Phone,8,632.61,5060.88,SHIPPED,Diana
91,Customer 91,France,2022-06-19,Mouse,15,244.46,3666.9,NEW,Bob
92,Customer 92,USA,2020-06-07,Laptop,12,2122.2,25466.4,SHIPPED,Bob
93,Customer 93,France,2020-05-16,Laptop,7,440.13,3080.91,DELIVERED,Carlos
94,Customer 94,Germany,2023-07-02,Tablet,19,340.39,6467.41,SHIPPED,Eve
95,Customer 95,France,2021-09-17,Laptop,6,647.55,3885.3,SHIPPED,Carlos
96,Customer 96,Germany,2021-12-08,Laptop,4,209.18,836.72,NEW,Bob
97,Customer 97,Australia,2023-11-29,Laptop,1,903.68,903.68,CANCELLED,Eve
98,Customer 98,Italy,2020-06-16,Mouse,11,357.53,3932.83,NEW,Eve
99,Customer 99,Australia,2023-01-03,Keyboard,7,853.43,5974.01,NEW,Diana
100,Customer 100,Italy,2024-10-02,Phone,19,84.91,1613.29,CANCELLED,Diana
101,Customer 101,Italy,2020-11-06,Mouse,11,2010.19,22112.09,DELIVERED,Bob
102,Customer 102,Germany,2020-06-10,Monitor,4,1664.32,6657.28,CANCELLED,Alice
103,Customer 103,USA,2021-06-19,Mouse,15,1302.09,19531.35,DELIVERED,Diana
104,Customer 104,Italy,2021-07-14,Tablet,6,541.06,3246.36,NEW,Diana
105,Customer 105,Italy,2020-10-31,Laptop,15,1807.29,27109.35,SHIPPED,Carlos
106,Customer 106,France,2021-05-18,Keyboard,18,808.51,14553.18,DELIVERED,Alice
107,Customer 107,France,2024-02-24,Tablet,6,2000.67,12004.02,DELIVERED,Alice
108,Customer 108,UK,2021-06-17,Monitor,17,410.17,6972.89,SHIPPED,Bob
109,Customer 109,Germany,2021-02-22,Tablet,19,1122.75,21332.25,DELIVERED,Carlos
110,Customer 110,Italy,2020-09-21,Keyboard,7,1030.62,7214.34,NEW,Bob
111,Customer 111,Germany,2023-09-24,Phone,4,2030.94,8123.76,NEW,Eve
112,Customer 112,Australia,2024-05-02,Monitor,6,2340.01,14040.06,SHIPPED,Eve
113,Customer 113,USA,2024-12-03,Tablet,14,1923.53,26929.42,NEW,Eve
114,Customer 114,Australia,2020-07-11,Keyboard,3,2127.92,6383.76,SHIPPED,Alice
115,Customer 115,Italy,2020-02-08,Tablet,19,270.52,5139.88,SHIPPED,Eve
116,Customer 116,Australia,2023-04-28,Tablet,6,1421.42,8528.52,DELIVERED,Carlos
117,Customer 117,Australia,2023-03-06,Keyboard,1,2343.66,2343.66,CANCELLED,Eve
118,Customer 118,USA,2024-09-22,Laptop,10,1831.87,18318.7,DELIVERED,Diana
119,Customer 119,UK,2024-06-08,Tablet,4,1655.41,6621.64,SHIPPED,Carlos
120,Customer 120,Australia,2020-05-03,Mouse,20,714.51,14290.2,DELIVERED,Eve
121,Customer 121,USA,2020-08-06,Tablet,19,952.9,18105.1,SHIPPED,Bob
122,Customer 122,Germany,2023-04-04,Tablet,2,299.42,598.84,DELIVERED,Eve
123,Customer 123,Japan,2022-01-18,Tablet,13,2210.13,28731.69,NEW,Carlos
124,Customer 124,France,2022-05-04,Tablet,9,1846.51,16618.59,CANCELLED,Diana
125,Customer 125,Italy,2024-04-24,Mouse,5,2296.96,11484.8,NEW,Eve
126,Customer 126,France,2021-10-03,Laptop,8,1190.37,9522.96,CANCELLED,Alice
127,Customer 127,Germany,2023-10-07,Laptop,11,612.85,6741.35,SHIPPED,Alice
128,Customer 128,USA,2024-12-08,Tablet,19,1781.54,33849.26,SHIPPED,Alice
129,Customer 129,France,2020-07-12,Tablet,10,1915.24,19152.4,NEW,Eve
130,Customer 130,France,2021-04-17,Keyboard,8,1567.24,12537.92,NEW,Bob
131,Customer 131,Italy,2022-07-27,Monitor,5,838.93,4194.65,DELIVERED,Eve
132,Customer 132,Japan,2020-10-29,Phone,7,2239.39,15675.73,DELIVERED,Diana
133,Customer 133,Italy,2022-07-30,Phone,5,1872.12,9360.6,NEW,Eve
134,Customer 134,UK,2024-04-24,Monitor,7,1985.4,13897.8,NEW,Bob
135,Customer 135,USA,2020-06-28,Monitor,16,1694.28,27108.48,DELIVERED,Alice
136,Customer 136,USA,2023-05-22,Monitor,12,1496.86,17962.32,NEW,Alice
137,Customer 137,France,2024-10-06,Phone,18,1218.68,21936.24,NEW,Carlos
138,Customer 138,Italy,2023-07-19,Laptop,14,2015.15,28212.1,DELIVERED,Carlos
139,Customer 139,Germany,2023-02-28,Monitor,20,2305.14,46102.8,SHIPPED,Bob
140,Customer 140,Italy,2024-01-18,Monitor,8,980.29,7842.32,SHIPPED,Alice
141,Customer 141,Italy,2023-05-17,Mouse,8,1593.58,12748.64,CANCELLED,Diana
142,Customer 142,USA,2021-03-29,Laptop,13,2173.74,28258.62,CANCELLED,Diana
143,Customer 143,USA,2021-04-08,Mouse,8,1065.48,8523.84,NEW,Diana
144,Customer 144,Australia,2023-01-16,Tablet,16,459.67,7354.72,NEW,Eve
145,Customer 145,Italy,2022-04-20,Laptop,15,1575.71,23635.65,SHIPPED,Eve
146,Customer 146,Japan,2021-01-17,Monitor,10,37.13,371.3,CANCELLED,Carlos
147,Customer 147,Australia,2024-01-24,Tablet,11,611.46,6726.06,NEW,Bob
148,Customer 148,UK,2021-04-08,Phone,17,499.17,8485.89,CANCELLED,Eve
149,Customer 149,Italy,2024-05-02,Monitor,14,950.4,13305.6,DELIVERED,Eve
150,Customer 150,Germany,2020-04-08,Tablet,16,434.82,6957.12,NEW,Eve
151,Customer 151,Japan,2022-09-15,Phone,4,61.69,246.76,SHIPPED,Diana
152,Customer 152,UK,2024-12-16,Tablet,14,1001.48,14020.72,SHIPPED,Bob
153,Customer 153,UK,2020-11-12,Tablet,1,1517.32,1517.32,NEW,Diana
154,Customer 154,UK,2020-10-04,Phone,4,348.27,1393.08,DELIVERED,Alice
155,Customer 155,USA,2021-08-12,Tablet,11,476.12,5237.32,DELIVERED,Eve
156,Customer 156,France,2023-02-24,Phone,4,1907.37,7629.48,DELIVERED,Eve
157,Customer 157,USA,2020-05-08,Keyboard,17,2121.99,36073.83,DELIVERED,Alice
158,Customer 158,USA,2024-05-31,Monitor,1,2320.08,2320.08,DELIVERED,Bob
159,Customer 159,France,2022-01-04,Phone,20,429.64,8592.8,SHIPPED,Diana
160,Customer 160,Japan,2023-05-19,Tablet,14,1290.52,18067.28,DELIVERED,Alice
161,Customer 161,Italy,2023-03-08,Laptop,8,2389.57,19116.56,NEW,Alice
162,Customer 162,Germany,2024-07-04,Laptop,17,1746.59,29692.03,DELIVERED,Diana
163,Customer 163,Australia,2023-06-05,Laptop,6,1560.97,9365.82,SHIPPED,Carlos
164,Customer 164,Australia,2024-12-19,Monitor,4,1039.33,4157.32,CANCELLED,Carlos
165,Customer 165,Australia,2024-06-13,Laptop,20,1435.42,28708.4,DELIVERED,Carlos
166,Customer 166,USA,2022-04-24,Mouse,16,2234.78,35756.48,CANCELLED,Eve
167,Customer 167,France,2020-09-30,Phone,20,159.17,3183.4,NEW,Alice
168,Customer 168,USA,2024-04-08,Phone,4,735.11,2940.44,NEW,Alice
169,Customer 169,USA,2023-09-09,Monitor,8,121.95,975.6,CANCELLED,Bob
170,Customer 170,USA,2024-09-19,Mouse,2,868.67,1737.34,DELIVERED,Bob
171,Customer 171,UK,2022-02-04,Keyboard,20,251.05,5021.0,NEW,Carlos
172,Customer 172,Australia,2021-10-31,Tablet,10,592.11,5921.1,NEW,Bob
173,Customer 173,UK,2022-09-19,Keyboard,13,238.73,3103.49,DELIVERED,Bob
174,Customer 174,USA,2021-01-18,Keyboard,18,487.8,8780.4,DELIVERED,Bob
175,Customer 175,UK,2024-10-31,Laptop,15,1933.83,29007.45,NEW,Carlos
176,Customer 176,Italy,2023-03-27,Monitor,13,1897.6,24668.8,NEW,Carlos
177,Customer 177,Italy,2022-08-13,Monitor,9,500.58,4505.22,SHIPPED,Bob
178,Customer 178,UK,2022-12-28,Keyboard,10,248.85,2488.5,DELIVERED,Alice
179,Customer 179,Germany,2022-10-08,Monitor,9,459.65,4136.85,CANCELLED,Bob
180,Customer 180,Germany,2024-03-13,Tablet,18,1902.23,34240.14,SHIPPED,Bob
181,Customer 181,USA,2020-07-02,Monitor,11,1575.66,17332.26,NEW,Alice
182,Customer 182,USA,2022-01-22,Tablet,14,2137.93,29931.02,NEW,Bob
183,Customer 183,Japan,2020-03-22,Mouse,13,2229.2,28979.6,DELIVERED,Diana
184,Customer 184,Japan,2023-12-07,Keyboard,20,2143.54,42870.8,NEW,Carlos
185,Customer 185,Japan,2023-07-29,Keyboard,11,426.99,4696.89,NEW,Eve
186,Customer 186,UK,2021-11-30,Keyboard,15,2324.8,34872.0,SHIPPED,Carlos
187,Customer 187,Australia,2024-06-13,Tablet,11,1336.31,14699.41,CANCELLED,Carlos
188,Customer 188,France,2021-11-02,Monitor,7,1111.63,7781.41,CANCELLED,Diana
189,Customer 189,Australia,2021-07-30,Phone,20,856.95,17139.0,SHIPPED,Alice
190,Customer 190,Italy,2022-03-29,Phone,11,840.89,9249.79,DELIVERED,Eve
191,Customer 191,Japan,2023-06-08,Monitor,12,1332.03,15984.36,CANCELLED,Diana
192,Customer 192,Japan,2021-01-07,Tablet,10,846.94,8469.4,SHIPPED,Carlos
193,Customer 193,Italy,2022-09-01,Keyboard,14,594.71,8325.94,DELIVERED,Carlos
194,Customer 194,Australia,2020-10-12,Monitor,3,1841.35,5524.05,DELIVERED,Bob
195,Customer 195,USA,2023-05-22,Keyboard,18,1109.97,19979.46,CANCELLED,Eve
196,Customer 196,Italy,2023-10-13,Mouse,5,1727.43,8637.15,SHIPPED,Alice
197,Customer 197,UK,2023-09-03,Phone,5,2312.87,11564.35,DELIVERED,Diana
198,Customer 198,France,2022-05-04,Monitor,14,2137.99,29931.86,CANCELLED,Alice
199,Customer 199,Germany,2023-06-23,Phone,6,415.31,2491.86,SHIPPED,Diana
200,Customer 200,UK,2022-02-13,Keyboard,17,319.68,5434.56,SHIPPED,Carlos
201,Customer 201,France,2020-07-27,Keyboard,7,1972.68,13808.76,DELIVERED,Bob
202,Customer 202,UK,2020-12-07,Phone,5,652.98,3264.9,NEW,Bob
203,Customer 203,Australia,2023-04-08,Phone,8,1691.52,13532.16,NEW,Eve
204,Customer 204,France,2022-01-08,Monitor,14,1083.97,15175.58,DELIVERED,Eve
205,Customer 205,Germany,2021-08-15,Mouse,9,2097.98,18881.82,CANCELLED,Diana
206,Customer 206,France,2024-06-09,Tablet,1,610.65,610.65,NEW,Bob
207,Customer 207,Australia,2022-10-02,Mouse,4,1789.91,7159.64,CANCELLED,Carlos
208,Customer 208,Australia,2022-08-28,Tablet,20,930.1,18602.0,NEW,Eve
209,Customer 209,Australia,2022-07-06,Mouse,16,1786.55,28584.8,SHIPPED,Diana
210,Customer 210,Japan,2023-05-19,Mouse,5,1367.13,6835.65,DELIVERED,Diana
211,Customer 211,Italy,2022-05-03,Monitor,2,1505.64,3011.28,DELIVERED,Carlos
212,Customer 212,UK,2022-04-23,Monitor,12,483.31,5799.72,CANCELLED,Bob
213,Customer 213,UK,2021-11-09,Tablet,10,2325.14,23251.4,DELIVERED,Carlos
214,Customer 214,Germany,2022-06-02,Mouse,13,1854.16,24104.08,DELIVERED,Bob
215,Customer 215,Germany,2020-01-25,Monitor,1,295.04,295.04,SHIPPED,Alice
216,Customer 216,Germany,2021-06-24,Mouse,13,1294.95,16834.35,DELIVERED,Eve
217,Customer 217,Italy,2021-01-24,Monitor,17,1242.46,21121.82,DELIVERED,Alice
218,Customer 218,Germany,2022-09-29,Mouse,6,379.99,2279.94,CANCELLED,Carlos
219,Customer 219,USA,2021-06-05,Mouse,4,1663.59,6654.36,DELIVERED,Diana
220,Customer 220,USA,2021-05-30,Phone,18,864.09,15553.62,DELIVERED,Carlos
221,Customer 221,Germany,2022-04-03,Tablet,20,272.78,5455.6,DELIVERED,Carlos
222,Customer 222,Italy,2022-05-24,Mouse,5,1464.61,7323.05,NEW,Alice
223,Customer 223,Italy,2022-03-08,Mouse,4,802.54,3210.16,NEW,Bob
224,Customer 224,UK,2023-10-29,Tablet,5,767.74,3838.7,DELIVERED,Diana
225,Customer 225,Germany,2022-10-31,Keyboard,14,405.71,5679.94,DELIVERED,Eve
226,Customer 226,Japan,2020-10-27,Mouse,13,280.79,3650.27,CANCELLED,Eve
227,Customer 227,UK,2021-03-05,Tablet,10,1784.25,17842.5,SHIPPED,Eve
228,Customer 228,Germany,2021-06-14,Laptop,19,2463.97,46815.43,CANCELLED,Alice
229,Customer 229,Australia,2022-10-21,Phone,18,1012.98,18233.64,CANCELLED,Carlos
230,Customer 230,USA,2020-10-14,Phone,17,2353.64,40011.88,CANCELLED,Carlos
231,Customer 231,Japan,2023-07-31,Keyboard,8,584.52,4676.16,SHIPPED,Carlos
232,Customer 232,Japan,2022-03-07,Keyboard,1,1038.83,1038.83,CANCELLED,Alice
233,Customer 233,UK,2024-06-19,Phone,16,342.7,5483.2,CANCELLED,Carlos
234,Customer 234,Japan,2020-07-14,Phone,2,2098.11,4196.22,CANCELLED,Eve
235,Customer 235,Italy,2021-11-09,Keyboard,16,975.69,15611.04,DELIVERED,Bob
236,Customer 236,France,2021-12-08,Laptop,15,1432.34,21485.1,SHIPPED,Diana
237,Customer 237,Japan,2023-01-26,Laptop,17,1510.48,25678.16,CANCELLED,Carlos
238,Customer 238,USA,2024-06-27,Tablet,5,875.23,4376.15,DELIVERED,Bob
239,Customer 239,Italy,2022-08-02,Phone,9,283.22,2548.98,NEW,Carlos
240,Customer 240,Japan,2021-08-07,Mouse,18,284.49,5120.82,CANCELLED,Alice
241,Customer 241,Japan,2024-08-07,Laptop,1,800.23,800.23,CANCELLED,Carlos
242,Customer 242,France,2022-03-02,Keyboard,11,708.84,7797.24,DELIVERED,Carlos
243,Customer 243,France,2023-03-28,Tablet,9,953.56,8582.04,SHIPPED,Bob
244,Customer 244,Germany,2024-05-29,Mouse,2,1689.94,3379.88,SHIPPED,Bob
245,Customer 245,Germany,2024-03-03,Tablet,15,2460.47,36907.05,CANCELLED,Carlos
246,Customer 246,Italy,2021-10-09,Tablet,14,1241.5,17381.0,NEW,Eve
247,Customer 247,Australia,2020-05-16,Tablet,15,705.66,10584.9,CANCELLED,Alice
248,Customer 248,Japan,2023-10-13,Monitor,13,430.19,5592.47,CANCELLED,Alice
249,Customer 249,Japan,2021-02-18,Monitor,8,1711.5,13692.0,NEW,Diana
250,Customer 250,UK,2024-08-15,Laptop,15,677.37,10160.55,DELIVERED,Carlos
251,Customer 251,Australia,2021-04-05,Keyboard,10,160.92,1609.2,NEW,Carlos
252,Customer 252,Germany,2023-02-02,Mouse,5,2436.12,12180.6,NEW,Eve
253,Customer 253,UK,2024-02-19,Monitor,14,1405.67,19679.38,NEW,Eve
254,Customer 254,UK,2022-05-22,Phone,2,1760.2,3520.4,CANCELLED,Alice
255,Customer 255,UK,2024-09-12,Mouse,10,1637.58,16375.8,DELIVERED,Carlos
256,Customer 256,UK,2020-01-20,Keyboard,1,1048.23,1048.23,CANCELLED,Bob
257,Customer 257,Japan,2021-08-16,Laptop,20,684.33,13686.6,CANCELLED,Alice
258,Customer 258,Germany,2023-06-09,Phone,1,846.06,846.06,SHIPPED,Bob
259,Customer 259,France,2024-10-19,Keyboard,9,1158.59,10427.31,DELIVERED,Carlos
260,Customer 260,UK,2021-11-11,Laptop,14,239.16,3348.24,DELIVERED,Bob
261,Customer 261,UK,2020-07-02,Phone,20,2022.26,40445.2,NEW,Bob
262,Customer 262,Australia,2020-07-05,Phone,5,144.33,721.65,DELIVERED,Bob
263,Customer 263,Italy,2023-04-01,Keyboard,18,2178.53,39213.54,CANCELLED,Carlos
264,Customer 264,France,2022-02-02,Tablet,20,2325.6,46512.0,NEW,Alice
265,Customer 265,Italy,2024-01-27,Mouse,20,1040.92,20818.4,DELIVERED,Eve
266,Customer 266,Germany,2023-08-07,Laptop,15,613.61,9204.15,SHIPPED,Carlos
267,Customer 267,France,2020-06-15,Monitor,6,829.67,4978.02,NEW,Carlos
268,Customer 268,Italy,2023-04-21,Keyboard,12,1792.57,21510.84,NEW,Diana
269,Customer 269,USA,2023-12-27,Mouse,2,791.31,1582.62,SHIPPED,Diana
270,Customer 270,UK,2020-05-30,Keyboard,9,2141.44,19272.96,SHIPPED,Bob
271,Customer 271,Italy,2024-12-30,Laptop,6,1095.32,6571.92,NEW,Alice
272,Customer 272,UK,2023-01-21,Tablet,13,351.57,4570.41,DELIVERED,Alice
273,Customer 273,Italy,2020-08-02,Monitor,8,2232.75,17862.0,CANCELLED,Eve
274,Customer 274,Australia,2023-12-14,Mouse,4,540.88,2163.52,SHIPPED,Diana
275,Customer 275,France,2022-05-02,Phone,9,1588.21,14293.89,NEW,Eve
276,Customer 276,Italy,2024-06-19,Mouse,4,1077.26,4309.04,DELIVERED,Alice
277,Customer 277,Australia,2024-04-12,Keyboard,14,282.41,3953.74,SHIPPED,Alice
278,Customer 278,UK,2022-10-25,Monitor,15,880.94,13214.1,DELIVERED,Bob
279,Customer 279,Germany,2020-03-03,Tablet,10,905.2,9052.0,SHIPPED,Carlos
280,Customer 280,Italy,2024-08-18,Mouse,4,2448.73,9794.92,SHIPPED,Diana
281,Customer 281,France,2021-07-28,Tablet,9,1016.12,9145.08,NEW,Eve
282,Customer 282,Japan,2023-11-05,Monitor,8,2455.65,19645.2,NEW,Alice
283,Customer 283,UK,2021-08-21,Phone,3,291.45,874.35,SHIPPED,Alice
284,Customer 284,France,2022-10-11,Mouse,17,1343.11,22832.87,SHIPPED,Eve
285,Customer 285,Japan,2021-03-15,Laptop,12,188.81,2265.72,DELIVERED,Eve
286,Customer 286,Japan,2024-04-18,Phone,17,1102.77,18747.09,DELIVERED,Alice
287,Customer 287,Japan,2023-08-11,Tablet,17,1600.45,27207.65,CANCELLED,Alice
288,Customer 288,Germany,2021-03-27,Phone,8,837.74,6701.92,DELIVERED,Alice
289,Customer 289,UK,2020-02-14,Monitor,8,374.17,2993.36,NEW,Carlos
290,Customer 290,USA,2024-09-19,Mouse,19,2035.39,38672.41,DELIVERED,Bob
291,Customer 291,Italy,2022-07-03,Keyboard,20,647.7,12954.0,CANCELLED,Eve
292,Customer 292,UK,2024-11-24,Mouse,3,2408.1,7224.3,NEW,Diana
293,Customer 293,UK,2020-01-13,Laptop,4,1574.73,6298.92,DELIVERED,Carlos
294,Customer 294,Italy,2022-12-01,Laptop,20,1825.48,36509.6,DELIVERED,Alice
295,Customer 295,Australia,2024-04-05,Keyboard,12,509.87,6118.44,DELIVERED,Bob
296,Customer 296,USA,2023-04-12,Monitor,7,995.05,6965.35,SHIPPED,Carlos
297,Customer 297,Japan,2023-12-13,Monitor,19,579.57,11011.83,CANCELLED,Diana
298,Customer 298,Japan,2022-08-10,Monitor,6,1496.94,8981.64,CANCELLED,Diana
299,Customer 299,UK,2020-05-19,Laptop,20,1248.98,24979.6,CANCELLED,Diana
300,Customer 300,France,2022-03-22,Mouse,12,92.82,1113.84,DELIVERED,Diana
301,Customer 301,Japan,2021-05-28,Tablet,11,2174.59,23920.49,NEW,Carlos
302,Customer 302,Australia,2024-01-21,Keyboard,1,1858.22,1858.22,DELIVERED,Bob
303,Customer 303,Germany,2023-03-31,Laptop,13,1505.71,19574.23,CANCELLED,Eve
304,Customer 304,USA,2023-03-18,Monitor,2,139.82,279.64,CANCELLED,Diana
305,Customer 305,USA,2024-10-24,Phone,15,841.34,12620.1,DELIVERED,Diana
306,Customer 306,France,2023-11-18,Laptop,4,2410.77,9643.08,NEW,Carlos
307,Customer 307,USA,2021-10-06,Tablet,5,386.01,1930.05,NEW,Diana
308,Customer 308,France,2021-02-27,Tablet,7,1984.96,13894.72,NEW,Eve
309,Customer 309,Germany,2021-05-19,Monitor,6,2404.76,14428.56,SHIPPED,Carlos
310,Customer 310,Italy,2023-02-20,Keyboard,13,1127.42,14656.46,CANCELLED,Carlos
311,Customer 311,Australia,2020-01-18,Tablet,11,2474.15,27215.65,SHIPPED,Bob
312,Customer 312,USA,2020-04-24,Monitor,5,1170.82,5854.1,SHIPPED,Eve
313,Customer 313,Italy,2021-01-14,Monitor,20,95.82,1916.4,DELIVERED,Eve
314,Customer 314,Germany,2021-12-21,Phone,20,1145.34,22906.8,CANCELLED,Carlos
315,Customer 315,Italy,2020-12-24,Phone,8,772.68,6181.44,NEW,Diana
316,Customer 316,UK,2024-03-20,Mouse,7,1092.54,7647.78,SHIPPED,Diana
317,Customer 317,France,2022-04-24,Laptop,7,2174.5,15221.5,CANCELLED,Eve
318,Customer 318,UK,2024-03-03,Phone,8,2285.35,18282.8,SHIPPED,Alice
319,Customer 319,Australia,2020-05-20,Monitor,16,2309.33,36949.28,NEW,Carlos
320,Customer 320,Italy,2020-06-09,Mouse,20,1406.77,28135.4,CANCELLED,Diana
321,Customer 321,Australia,2020-04-06,Phone,15,1210.47,18157.05,NEW,Eve
322,Customer 322,Italy,2022-01-31,Tablet,15,2455.05,36825.75,SHIPPED,Carlos
323,Customer 323,Australia,2022-10-22,Keyboard,20,1622.17,32443.4,SHIPPED,Bob
324,Customer 324,Italy,2021-05-18,Monitor,20,567.98,11359.6,CANCELLED,Carlos
325,Customer 325,UK,2022-08-31,Laptop,15,1304.71,19570.65,CANCELLED,Alice
326,Customer 326,Germany,2022-09-18,Laptop,15,2382.59,35738.85,NEW,Carlos
327,Customer 327,Germany,2022-05-22,Tablet,3,2371.29,7113.87,DELIVERED,Bob
328,Customer 328,Italy,2021-08-25,Laptop,17,1799.67,30594.39,SHIPPED,Eve
329,Customer 329,USA,2024-07-28,Mouse,16,1318.65,21098.4,DELIVERED,Diana
330,Customer 330,Japan,2022-09-24,Mouse,3,1507.68,4523.04,CANCELLED,Carlos
331,Customer 331,Australia,2022-08-26,Monitor,15,872.43,13086.45,CANCELLED,Diana
332,Customer 332,Italy,2022-08-06,Laptop,5,662.71,3313.55,NEW,Alice
333,Customer 333,Australia,2022-07-24,Keyboard,13,1619.05,21047.65,SHIPPED,Bob
334,Customer 334,USA,2022-10-28,Keyboard,20,2132.6,42652.0,CANCELLED,Diana
335,Customer 335,Italy,2021-12-20,Keyboard,6,1405.84,8435.04,SHIPPED,Alice
336,Customer 336,France,2023-12-29,Keyboard,19,1753.97,33325.43,DELIVERED,Diana
337,Customer 337,France,2021-08-22,Monitor,9,1268.68,11418.12,CANCELLED,Bob
338,Customer 338,UK,2024-10-13,Mouse,14,2159.27,30229.78,SHIPPED,Alice
339,Customer 339,USA,2020-06-12,Laptop,18,2462.84,44331.12,CANCELLED,Alice
340,Customer 340,Australia,2020-08-16,Tablet,4,1438.1,5752.4,CANCELLED,Eve
341,Customer 341,Germany,2021-06-18,Phone,9,2010.24,18092.16,CANCELLED,Eve
342,Customer 342,France,2021-09-12,Phone,18,978.94,17620.92,CANCELLED,Carlos
343,Customer 343,UK,2020-03-08,Monitor,15,1864.07,27961.05,NEW,Eve
344,Customer 344,UK,2023-06-20,Phone,5,2132.58,10662.9,DELIVERED,Alice
345,Customer 345,Italy,2020-01-11,Monitor,15,842.48,12637.2,NEW,Diana
346,Customer 346,Italy,2022-08-02,Laptop,13,395.13,5136.69,SHIPPED,Bob
347,Customer 347,USA,2021-07-06,Mouse,4,117.18,468.72,NEW,Carlos
348,Customer 348,Japan,2021-03-02,Phone,8,1049.65,8397.2,DELIVERED,Bob
349,Customer 349,France,2021-11-01,Phone,4,2294.37,9177.48,NEW,Carlos
350,Customer 350,Australia,2024-11-25,Tablet,19,1420.7,26993.3,NEW,Carlos
351,Customer 351,UK,2021-06-21,Phone,12,1314.11,15769.32,SHIPPED,Carlos
352,Customer 352,Australia,2023-05-31,Monitor,14,908.48,12718.72,NEW,Bob
353,Customer 353,Germany,2021-09-08,Laptop,3,1335.16,4005.48,DELIVERED,Carlos
354,Customer 354,Germany,2020-03-25,Tablet,6,1489.98,8939.88,CANCELLED,Bob
355,Customer 355,Japan,2021-04-13,Phone,3,1863.17,5589.51,CANCELLED,Eve
356,Customer 356,Australia,2020-02-14,Tablet,4,338.15,1352.6,CANCELLED,Eve
357,Customer 357,France,2023-10-13,Keyboard,18,922.07,16597.26,DELIVERED,Carlos
358,Customer 358,France,2023-04-17,Tablet,11,131.9,1450.9,NEW,Eve
359,Customer 359,USA,2021-09-21,Tablet,13,1784.27,23195.51,NEW,Bob
360,Customer 360,USA,2023-09-29,Tablet,1,392.67,392.67,DELIVERED,Alice
361,Customer 361,USA,2024-09-27,Monitor,14,1817.82,25449.48,SHIPPED,Carlos
362,Customer 362,France,2024-03-07,Tablet,2,1315.28,2630.56,DELIVERED,Eve
363,Customer 363,Germany,2023-01-22,Mouse,3,1633.6,4900.8,DELIVERED,Carlos
364,Customer 364,Japan,2024-08-05,Tablet,19,766.57,14564.83,NEW,Diana
365,Customer 365,Italy,2023-03-02,Mouse,3,909.89,2729.67,SHIPPED,Alice
366,Customer 366,France,2020-02-11,Monitor,19,1303.5,24766.5,NEW,Carlos
367,Customer 367,France,2024-04-12,Monitor,12,2160.26,25923.12,CANCELLED,Alice
368,Customer 368,USA,2023-06-11,Mouse,16,2155.12,34481.92,SHIPPED,Carlos
369,Customer 369,UK,2024-04-10,Monitor,20,446.09,8921.8,SHIPPED,Carlos
370,Customer 370,Italy,2023-12-07,Laptop,7,1575.14,11025.98,NEW,Diana
371,Customer 371,Italy,2023-08-05,Laptop,15,1538.41,23076.15,NEW,Diana
372,Customer 372,Australia,2020-10-02,Phone,5,2139.69,10698.45,SHIPPED,Carlos
373,Customer 373,USA,2024-04-06,Monitor,17,1671.3,28412.1,SHIPPED,Diana
374,Customer 374,Australia,2020-10-31,Tablet,3,2113.35,6340.05,DELIVERED,Diana
375,Customer 375,UK,2024-05-13,Phone,1,2309.93,2309.93,CANCELLED,Alice
376,Customer 376,UK,2024-03-14,Monitor,4,2199.18,8796.72,NEW,Eve
377,Customer 377,Australia,2022-03-18,Phone,8,2081.57,16652.56,SHIPPED,Carlos
378,Customer 378,Italy,2022-09-12,Laptop,4,1171.03,4684.12,CANCELLED,Eve
379,Customer 379,Japan,2020-05-22,Keyboard,9,812.14,7309.26,NEW,Alice
380,Customer 380,Japan,2023-01-22,Mouse,15,1133.87,17008.05,SHIPPED,Alice
381,Customer 381,Germany,2022-02-25,Phone,9,1334.16,12007.44,SHIPPED,Alice
382,Customer 382,Japan,2023-11-04,Laptop,2,52.89,105.78,DELIVERED,Alice
383,Customer 383,UK,2022-03-23,Tablet,20,2082.99,41659.8,CANCELLED,Alice
384,Customer 384,France,2020-04-14,Phone,17,457.97,7785.49,NEW,Diana
385,Customer 385,UK,2022-08-07,Mouse,12,251.82,3021.84,CANCELLED,Bob
386,Customer 386,Italy,2024-07-12,Mouse,18,434.5,7821.0,SHIPPED,Alice
387,Customer 387,Japan,2021-02-27,Monitor,17,721.45,12264.65,SHIPPED,Alice
388,Customer 388,France,2023-03-13,Tablet,19,402.17,7641.23,DELIVERED,Bob
389,Customer 389,Australia,2021-08-14,Keyboard,12,2456.86,29482.32,SHIPPED,Carlos
390,Customer 390,UK,2021-01-13,Keyboard,10,292.37,2923.7,DELIVERED,Eve
391,Customer 391,Germany,2023-04-29,Monitor,4,67.85,271.4,NEW,Carlos
392,Customer 392,Australia,2020-09-05,Phone,4,1329.28,5317.12,DELIVERED,Carlos
393,Customer 393,UK,2020-03-04,Monitor,7,2208.43,15459.01,SHIPPED,Carlos
394,Customer 394,Germany,2024-10-12,Monitor,19,1408.37,26759.03,DELIVERED,Bob
395,Customer 395,Japan,2022-03-17,Monitor,3,2392.44,7177.32,CANCELLED,Bob
396,Customer 396,Japan,2023-08-19,Phone,17,2431.39,41333.63,CANCELLED,Carlos
397,Customer 397,USA,2020-04-21,Monitor,1,1224.37,1224.37,NEW,Bob
398,Customer 398,Japan,2021-05-11,Tablet,14,1188.51,16639.14,CANCELLED,Eve
399,Customer 399,Australia,2023-07-10,Mouse,17,2466.73,41934.41,NEW,Bob
400,Customer 400,Italy,2020-10-08,Keyboard,19,1456.03,27664.57,SHIPPED,Diana
401,Customer 401,UK,2020-09-15,Tablet,2,2479.57,4959.14,NEW,Diana
402,Customer 402,UK,2020-12-24,Mouse,4,786.64,3146.56,SHIPPED,Carlos
403,Customer 403,Japan,2023-06-29,Monitor,12,504.46,6053.52,CANCELLED,Eve
404,Customer 404,France,2024-08-02,Mouse,19,746.36,14180.84,NEW,Carlos
405,Customer 405,Italy,2024-11-13,Laptop,16,1649.15,26386.4,SHIPPED,Alice
406,Customer 406,Australia,2022-07-03,Keyboard,12,1325.28,15903.36,SHIPPED,Alice
407,Customer 407,Japan,2020-07-30,Keyboard,1,2385.77,2385.77,NEW,Carlos
408,Customer 408,Japan,2021-06-01,Tablet,15,2345.83,35187.45,CANCELLED,Carlos
409,Customer 409,Japan,2023-05-21,Tablet,10,2387.51,23875.1,NEW,Carlos
410,Customer 410,France,2023-09-01,Keyboard,5,575.68,2878.4,DELIVERED,Eve
411,Customer 411,Australia,2020-11-26,Keyboard,7,616.73,4317.11,CANCELLED,Diana
412,Customer 412,Italy,2023-04-08,Tablet,2,2429.92,4859.84,SHIPPED,Carlos
413,Customer 413,Germany,2024-05-26,Phone,3,1181.83,3545.49,SHIPPED,Eve
414,Customer 414,UK,2023-12-08,Tablet,4,2379.78,9519.12,NEW,Carlos
415,Customer 415,Italy,2021-05-30,Tablet,12,372.63,4471.56,DELIVERED,Alice
416,Customer 416,Japan,2022-02-02,Monitor,15,2279.22,34188.3,DELIVERED,Diana
417,Customer 417,France,2020-03-07,Laptop,3,1019.68,3059.04,NEW,Bob
418,Customer 418,USA,2024-06-04,Monitor,6,808.13,4848.78,DELIVERED,Diana
419,Customer 419,Italy,2023-02-07,Monitor,12,1573.32,18879.84,SHIPPED,Eve
420,Customer 420,Germany,2024-04-06,Phone,19,820.53,15590.07,DELIVERED,Alice
421,Customer 421,France,2021-11-13,Laptop,1,220.22,220.22,DELIVERED,Diana
422,Customer 422,USA,2024-09-23,Phone,2,708.26,1416.52,DELIVERED,Carlos
423,Customer 423,UK,2021-03-14,Monitor,3,2269.2,6807.6,NEW,Carlos
424,Customer 424,Japan,2024-04-17,Laptop,4,1984.08,7936.32,DELIVERED,Bob
425,Customer 425,Italy,2022-11-21,Tablet,6,1098.5,6591.0,SHIPPED,Carlos
426,Customer 426,Germany,2020-08-23,Tablet,10,2451.14,24511.4,DELIVERED,Alice
427,Customer 427,Germany,2020-04-09,Mouse,16,2016.71,32267.36,SHIPPED,Diana
428,Customer 428,Germany,2023-06-11,Mouse,13,944.1,12273.3,SHIPPED,Diana
429,Customer 429,Australia,2020-12-27,Laptop,9,1146.95,10322.55,NEW,Alice
430,Customer 430,Japan,2020-02-20,Laptop,5,1084.61,5423.05,DELIVERED,Carlos
431,Customer 431,Germany,2020-09-21,Mouse,9,2064.17,18577.53,SHIPPED,Alice
432,Customer 432,Italy,2024-10-02,Phone,12,332.79,3993.48,NEW,Diana
433,Customer 433,Italy,2021-04-04,Monitor,13,1741.35,22637.55,DELIVERED,Bob
434,Customer 434,USA,2020-01-10,Phone,17,2185.44,37152.48,NEW,Alice
435,Customer 435,France,2024-10-08,Phone,14,2232.0,31248.0,SHIPPED,Carlos
436,Customer 436,France,2020-12-20,Keyboard,10,1395.79,13957.9,DELIVERED,Diana
437,Customer 437,Germany,2020-03-22,Laptop,20,656.91,13138.2,NEW,Bob
438,Customer 438,USA,2020-03-19,Phone,10,2115.06,21150.6,NEW,Carlos
439,Customer 439,Germany,2020-04-22,Keyboard,4,2230.06,8920.24,DELIVERED,Diana
440,Customer 440,UK,2022-07-14,Keyboard,19,400.46,7608.74,DELIVERED,Bob
441,Customer 441,Japan,2024-11-16,Tablet,1,2330.56,2330.56,NEW,Diana
442,Customer 442,UK,2020-02-21,Phone,12,1262.77,15153.24,DELIVERED,Alice
443,Customer 443,Italy,2022-05-11,Monitor,6,1578.95,9473.7,SHIPPED,Diana
444,Customer 444,France,2021-01-13,Keyboard,11,1493.19,16425.09,NEW,Diana
445,Customer 445,Germany,2023-11-30,Mouse,7,250.84,1755.88,NEW,Alice
446,Customer 446,USA,2023-12-02,Laptop,8,1483.64,11869.12,SHIPPED,Bob
447,Customer 447,Germany,2023-01-26,Keyboard,3,669.79,2009.37,DELIVERED,Carlos
448,Customer 448,Japan,2022-10-31,Monitor,10,1886.0,18860.0,NEW,Bob
449,Customer 449,Germany,2024-07-08,Mouse,16,1558.02,24928.32,NEW,Diana
450,Customer 450,USA,2022-02-02,Keyboard,2,207.56,415.12,NEW,Bob
451,Customer 451,Italy,2020-11-06,Keyboard,6,1814.78,10888.68,CANCELLED,Bob
452,Customer 452,Italy,2021-11-15,Tablet,2,976.23,1952.46,CANCELLED,Bob
453,Customer 453,USA,2021-01-09,Phone,12,1564.42,18773.04,DELIVERED,Bob
454,Customer 454,Australia,2020-01-17,Keyboard,13,703.67,9147.71,CANCELLED,Bob
455,Customer 455,Italy,2024-06-23,Mouse,10,1456.14,14561.4,DELIVERED,Eve
456,Customer 456,Italy,2022-12-20,Phone,1,2282.71,2282.71,DELIVERED,Eve
457,Customer 457,UK,2024-11-24,Tablet,6,2263.66,13581.96,NEW,Carlos
458,Customer 458,Australia,2020-08-06,Mouse,18,1298.32,23369.76,CANCELLED,Bob
459,Customer 459,USA,2021-05-12,Monitor,13,1193.05,15509.65,DELIVERED,Carlos
460,Customer 460,Germany,2023-04-10,Phone,3,232.71,698.13,CANCELLED,Diana
461,Customer 461,USA,2024-10-24,Laptop,13,1060.05,13780.65,SHIPPED,Bob
462,Customer 462,UK,2022-03-29,Laptop,7,318.77,2231.39,CANCELLED,Diana
463,Customer 463,France,2024-12-26,Tablet,13,789.26,10260.38,NEW,Diana
464,Customer 464,USA,2022-08-03,Keyboard,1,2256.79,2256.79,NEW,Diana
465,Customer 465,USA,2020-06-30,Mouse,15,590.75,8861.25,NEW,Carlos
466,Customer 466,Italy,2020-10-24,Laptop,19,725.17,13778.23,SHIPPED,Diana
467,Customer 467,Japan,2022-04-28,Monitor,17,2308.92,39251.64,NEW,Alice
468,Customer 468,France,2023-12-05,Monitor,3,1879.24,5637.72,SHIPPED,Eve
469,Customer 469,Italy,2020-01-26,Monitor,5,1877.83,9389.15,SHIPPED,Carlos
470,Customer 470,France,2022-04-26,Laptop,9,327.42,2946.78,DELIVERED,Alice
471,Customer 471,USA,2021-01-27,Laptop,2,250.18,500.36,CANCELLED,Alice
472,Customer 472,USA,2021-11-28,Mouse,13,1470.99,19122.87,NEW,Eve
473,Customer 473,Italy,2022-06-19,Keyboard,18,1863.29,33539.22,NEW,Alice
474,Customer 474,Germany,2020-03-09,Mouse,1,2447.19,2447.19,NEW,Alice
475,Customer 475,USA,2020-10-04,Tablet,2,2055.0,4110.0,CANCELLED,Diana
476,Customer 476,Australia,2024-02-11,Laptop,16,1544.31,24708.96,CANCELLED,Carlos
477,Customer 477,USA,2021-11-26,Keyboard,6,269.44,1616.64,NEW,Carlos
478,Customer 478,Germany,2021-10-16,Phone,12,1689.39,20272.68,NEW,Diana
479,Customer 479,Germany,2023-07-29,Tablet,6,1269.6,7617.6,CANCELLED,Alice
480,Customer 480,USA,2022-08-10,Phone,20,355.0,7100.0,SHIPPED,Alice
481,Customer 481,Germany,2024-12-10,Mouse,6,1314.58,7887.48,DELIVERED,Carlos
482,Customer 482,Italy,2024-07-16,Mouse,11,1148.92,12638.12,DELIVERED,Alice
483,Customer 483,USA,2024-12-21,Tablet,19,1878.9,35699.1,NEW,Eve
484,Customer 484,Germany,2024-06-11,Laptop,5,783.4,3917.0,DELIVERED,Alice
485,Customer 485,USA,2021-07-06,Tablet,6,164.92,989.52,SHIPPED,Bob
486,Customer 486,Australia,2023-07-01,Keyboard,4,2322.78,9291.12,CANCELLED,Carlos
487,Customer 487,France,2024-06-02,Tablet,6,927.42,5564.52,DELIVERED,Bob
488,Customer 488,UK,2022-06-04,Laptop,16,455.62,7289.92,DELIVERED,Diana
489,Customer 489,Japan,2020-04-28,Keyboard,1,557.8,557.8,CANCELLED,Diana
490,Customer 490,USA,2023-02-12,Monitor,8,1134.79,9078.32,DELIVERED,Bob
491,Customer 491,France,2023-05-26,Tablet,19,1868.09,35493.71,DELIVERED,Eve
492,Customer 492,USA,2020-08-13,Monitor,12,765.4,9184.8,DELIVERED,Carlos
493,Customer 493,USA,2023-12-20,Keyboard,13,1901.67,24721.71,SHIPPED,Bob
494,Customer 494,Japan,2021-05-04,Mouse,4,1750.77,7003.08,CANCELLED,Alice
495,Customer 495,Australia,2022-03-10,Tablet,14,1875.24,26253.36,DELIVERED,Diana
496,Customer 496,Germany,2024-02-16,Laptop,14,523.58,7330.12,NEW,Eve
497,Customer 497,Australia,2020-07-05,Keyboard,1,2302.73,2302.73,SHIPPED,Carlos
498,Customer 498,Germany,2022-12-07,Laptop,19,2192.76,41662.44,DELIVERED,Alice
499,Customer 499,USA,2022-12-27,Laptop,20,718.75,14375.0,NEW,Eve
500,Customer 500,France,2022-12-25,Keyboard,7,1976.94,13838.58,DELIVERED,Carlos
501,Customer 501,Australia,2020-11-12,Phone,4,2412.65,9650.6,DELIVERED,Bob
502,Customer 502,Australia,2022-03-21,Laptop,12,2417.55,29010.6,SHIPPED,Eve
503,Customer 503,UK,2024-03-26,Mouse,1,1452.85,1452.85,CANCELLED,Diana
504,Customer 504,Japan,2023-04-17,Laptop,7,579.86,4059.02,CANCELLED,Alice
505,Customer 505,UK,2024-07-12,Keyboard,5,2498.44,12492.2,CANCELLED,Eve
506,Customer 506,France,2024-06-04,Monitor,5,1584.58,7922.9,DELIVERED,Bob
507,Customer 507,USA,2022-06-10,Keyboard,2,1861.78,3723.56,DELIVERED,Alice
508,Customer 508,Italy,2024-12-12,Tablet,3,1719.84,5159.52,NEW,Carlos
509,Customer 509,USA,2021-11-30,Mouse,20,151.37,3027.4,DELIVERED,Eve
510,Customer 510,Germany,2023-07-21,Laptop,11,1217.74,13395.14,DELIVERED,Diana
511,Customer 511,France,2023-05-21,Keyboard,3,1320.66,3961.98,CANCELLED,Diana
512,Customer 512,Italy,2024-11-17,Laptop,15,2231.34,33470.1,NEW,Carlos
513,Customer 513,USA,2021-08-13,Monitor,4,493.6,1974.4,NEW,Alice
514,Customer 514,Japan,2020-05-31,Monitor,1,1257.51,1257.51,DELIVERED,Bob
515,Customer 515,Germany,2023-05-26,Laptop,1,2079.43,2079.43,SHIPPED,Alice
516,Customer 516,Italy,2021-01-05,Mouse,6,739.38,4436.28,CANCELLED,Alice
517,Customer 517,USA,2020-10-23,Keyboard,20,521.93,10438.6,SHIPPED,Bob
518,Customer 518,UK,2023-01-18,Tablet,5,772.3,3861.5,CANCELLED,Alice
519,Customer 519,Japan,2021-10-11,Phone,14,229.0,3206.0,NEW,Diana
520,Customer 520,France,2023-10-29,Phone,18,112.82,2030.76,DELIVERED,Alice
521,Customer 521,Italy,2022-07-31,Keyboard,15,1785.72,26785.8,NEW,Alice
522,Customer 522,France,2024-08-23,Tablet,4,1961.74,7846.96,DELIVERED,Bob
523,Customer 523,Australia,2021-07-27,Tablet,20,1822.95,36459.0,CANCELLED,Alice
524,Customer 524,Japan,2024-07-03,Tablet,12,131.23,1574.76,SHIPPED,Bob
525,Customer 525,Italy,2022-01-04,Tablet,3,139.88,419.64,CANCELLED,Eve
526,Customer 526,Japan,2024-06-14,Tablet,20,1671.44,33428.8,CANCELLED,Alice
527,Customer 527,Italy,2021-07-13,Keyboard,4,374.42,1497.68,NEW,Carlos
528,Customer 528,Italy,2020-12-31,Laptop,9,1809.98,16289.82,DELIVERED,Alice
529,Customer 529,Germany,2020-06-10,Laptop,7,27.75,194.25,DELIVERED,Carlos
530,Customer 530,Australia,2020-03-28,Mouse,17,1233.59,20971.03,DELIVERED,Bob
531,Customer 531,Germany,2023-10-09,Mouse,7,1496.37,10474.59,NEW,Diana
532,Customer 532,Australia,2024-06-26,Laptop,18,1931.12,34760.16,CANCELLED,Alice
533,Customer 533,Japan,2023-02-18,Laptop,3,65.01,195.03,DELIVERED,Carlos
534,Customer 534,France,2023-07-11,Laptop,18,2219.93,39958.74,SHIPPED,Alice
535,Customer 535,France,2023-01-19,Laptop,16,469.48,7511.68,DELIVERED,Carlos
536,Customer 536,Germany,2024-09-18,Mouse,15,1792.12,26881.8,CANCELLED,Bob
537,Customer 537,Australia,2024-10-09,Mouse,15,2383.29,35749.35,DELIVERED,Bob
538,Customer 538,Italy,2021-08-28,Monitor,15,781.43,11721.45,DELIVERED,Carlos
539,Customer 539,France,2024-01-23,Laptop,9,345.1,3105.9,SHIPPED,Carlos
540,Customer 540,USA,2020-12-18,Tablet,3,1821.52,5464.56,DELIVERED,Alice
541,Customer 541,Germany,2021-09-26,Keyboard,3,582.31,1746.93,SHIPPED,Bob
542,Customer 542,USA,2020-02-11,Monitor,6,2366.06,14196.36,SHIPPED,Alice
543,Customer 543,Germany,2020-09-16,Mouse,2,355.67,711.34,DELIVERED,Alice
544,Customer 544,France,2021-02-13,Mouse,12,1918.81,23025.72,SHIPPED,Alice
545,Customer 545,Australia,2020-06-19,Tablet,6,785.63,4713.78,NEW,Alice
546,Customer 546,Australia,2022-02-07,Keyboard,18,826.6,14878.8,SHIPPED,Diana
547,Customer 547,Australia,2023-02-04,Mouse,3,2173.14,6519.42,DELIVERED,Alice
548,Customer 548,USA,2021-11-24,Tablet,4,88.23,352.92,CANCELLED,Bob
549,Customer 549,Japan,2024-07-21,Phone,2,1945.1,3890.2,SHIPPED,Alice
550,Customer 550,Germany,2022-10-21,Monitor,18,1022.58,18406.44,SHIPPED,Alice
551,Customer 551,Italy,2023-08-26,Phone,18,1617.11,29107.98,NEW,Carlos
552,Customer 552,Italy,2023-07-07,Laptop,6,2103.39,12620.34,DELIVERED,Alice
553,Customer 553,USA,2022-11-19,Tablet,9,2017.32,18155.88,DELIVERED,Diana
554,Customer 554,Germany,2021-11-16,Laptop,11,1120.17,12321.87,NEW,Alice
555,Customer 555,USA,2020-10-09,Tablet,19,1873.04,35587.76,CANCELLED,Bob
556,Customer 556,France,2023-02-26,Monitor,2,714.12,1428.24,CANCELLED,Eve
557,Customer 557,Italy,2024-04-05,Tablet,16,1627.87,26045.92,NEW,Eve
558,Customer 558,Japan,2024-02-09,Laptop,9,941.26,8471.34,NEW,Alice
559,Customer 559,Germany,2022-05-11,Laptop,16,277.84,4445.44,NEW,Eve
560,Customer 560,Japan,2020-04-08,Keyboard,20,584.19,11683.8,NEW,Eve
561,Customer 561,UK,2024-01-10,Laptop,19,94.06,1787.14,DELIVERED,Carlos
562,Customer 562,USA,2022-10-24,Keyboard,7,392.52,2747.64,NEW,Eve
563,Customer 563,Australia,2024-04-05,Keyboard,12,1186.89,14242.68,NEW,Bob
564,Customer 564,Germany,2024-09-27,Keyboard,8,2163.71,17309.68,CANCELLED,Eve
565,Customer 565,France,2022-08-28,Phone,15,866.93,13003.95,DELIVERED,Alice
566,Customer 566,UK,2024-12-30,Monitor,13,660.47,8586.11,DELIVERED,Carlos
567,Customer 567,Germany,2024-01-11,Monitor,15,985.21,14778.15,NEW,Bob
568,Customer 568,Japan,2022-07-22,Monitor,5,2447.87,12239.35,CANCELLED,Eve
569,Customer 569,France,2023-05-16,Mouse,2,913.58,1827.16,SHIPPED,Diana
570,Customer 570,Germany,2023-08-24,Mouse,5,1175.37,5876.85,NEW,Carlos
571,Customer 571,Australia,2022-01-19,Monitor,15,1200.74,18011.1,NEW,Eve
572,Customer 572,USA,2024-02-28,Tablet,16,2351.71,37627.36,SHIPPED,Carlos
573,Customer 573,Germany,2024-06-15,Phone,12,1009.83,12117.96,NEW,Diana
574,Customer 574,Germany,2022-04-07,Monitor,17,670.65,11401.05,DELIVERED,Diana
575,Customer 575,Japan,2023-11-05,Phone,12,1937.92,23255.04,CANCELLED,Diana
576,Customer 576,Japan,2020-02-06,Laptop,4,1430.83,5723.32,CANCELLED,Carlos
577,Customer 577,Japan,2020-06-09,Laptop,13,2037.61,26488.93,DELIVERED,Bob
578,Customer 578,Japan,2024-01-03,Keyboard,6,350.2,2101.2,SHIPPED,Bob
579,Customer 579,France,2020-11-16,Phone,4,1288.15,5152.6,NEW,Carlos
580,Customer 580,Australia,2023-01-29,Keyboard,8,116.94,935.52,DELIVERED,Eve
581,Customer 581,Japan,2020-07-29,Monitor,15,2122.93,31843.95,NEW,Diana
582,Customer 582,France,2020-07-27,Keyboard,2,450.37,900.74,CANCELLED,Bob
583,Customer 583,Japan,2024-07-14,Mouse,20,1507.58,30151.6,SHIPPED,Diana
584,Customer 584,Germany,2021-04-29,Phone,20,2116.75,42335.0,SHIPPED,Alice
585,Customer 585,France,2024-07-16,Tablet,13,1374.11,17863.43,CANCELLED,Bob
586,Customer 586,Italy,2023-06-02,Keyboard,12,1649.35,19792.2,DELIVERED,Bob
587,Customer 587,UK,2023-02-27,Monitor,6,2162.15,12972.9,DELIVERED,Alice
588,Customer 588,Japan,2020-02-18,Laptop,18,1132.11,20377.98,CANCELLED,Eve
589,Customer 589,Germany,2021-03-15,Phone,1,1097.11,1097.11,NEW,Carlos
590,Customer 590,Australia,2023-05-28,Tablet,17,813.25,13825.25,CANCELLED,Alice
591,Customer 591,UK,2022-03-11,Monitor,10,1132.66,11326.6,SHIPPED,Bob
592,Customer 592,France,2021-06-27,Mouse,20,917.48,18349.6,SHIPPED,Carlos
593,Customer 593,USA,2021-08-17,Laptop,14,40.61,568.54,DELIVERED,Eve
594,Customer 594,Italy,2021-07-22,Keyboard,16,856.42,13702.72,SHIPPED,Diana
595,Customer 595,France,2020-09-13,Monitor,4,1869.8,7479.2,NEW,Diana
596,Customer 596,Australia,2020-12-26,Keyboard,1,1250.15,1250.15,DELIVERED,Carlos
597,Customer 597,France,2020-06-22,Phone,1,359.45,359.45,CANCELLED,Bob
598,Customer 598,Germany,2020-07-16,Monitor,6,1681.73,10090.38,NEW,Bob
599,Customer 599,USA,2022-10-04,Mouse,13,574.67,7470.71,CANCELLED,Bob
600,Customer 600,Germany,2023-07-27,Monitor,6,2228.96,13373.76,NEW,Alice
601,Customer 601,Italy,2021-07-22,Phone,5,154.36,771.8,DELIVERED,Diana
602,Customer 602,Germany,2022-12-15,Monitor,20,1172.86,23457.2,SHIPPED,Diana
603,Customer 603,UK,2024-04-13,Mouse,19,1506.17,28617.23,DELIVERED,Bob
604,Customer 604,Japan,2024-02-14,Monitor,12,1652.16,19825.92,SHIPPED,Carlos
605,Customer 605,France,2020-03-23,Keyboard,7,954.38,6680.66,DELIVERED,Alice
606,Customer 606,France,2020-12-07,Tablet,18,1328.0,23904.0,NEW,Alice
607,Customer 607,Germany,2021-01-31,Laptop,2,900.45,1800.9,NEW,Eve
608,Customer 608,Italy,2022-10-17,Keyboard,20,245.18,4903.6,CANCELLED,Bob
609,Customer 609,UK,2024-02-04,Keyboard,11,968.2,10650.2,NEW,Eve
610,Customer 610,UK,2023-07-15,Monitor,3,634.68,1904.04,CANCELLED,Bob
611,Customer 611,USA,2024-03-22,Phone,17,1147.9,19514.3,NEW,Diana
612,Customer 612,Japan,2020-01-11,Mouse,1,2437.47,2437.47,CANCELLED,Carlos
613,Customer 613,Australia,2023-11-10,Keyboard,1,2249.64,2249.64,NEW,Eve
614,Customer 614,Germany,2021-11-08,Tablet,17,199.93,3398.81,NEW,Diana
615,Customer 615,UK,2022-07-05,Keyboard,16,195.3,3124.8,DELIVERED,Bob
616,Customer 616,Italy,2024-05-30,Mouse,13,2182.6,28373.8,DELIVERED,Eve
617,Customer 617,USA,2022-12-31,Laptop,5,1599.54,7997.7,CANCELLED,Alice
618,Customer 618,Germany,2023-05-08,Keyboard,16,1020.79,16332.64,DELIVERED,Alice
619,Customer 619,Japan,2020-11-15,Tablet,14,1701.81,23825.34,DELIVERED,Eve
620,Customer 620,USA,2023-11-25,Tablet,20,1847.29,36945.8,NEW,Eve
621,Customer 621,Germany,2023-04-14,Monitor,14,1661.11,23255.54,CANCELLED,Alice
622,Customer 622,USA,2021-08-06,Phone,14,127.55,1785.7,DELIVERED,Eve
623,Customer 623,USA,2022-10-15,Tablet,17,1467.44,24946.48,DELIVERED,Carlos
624,Customer 624,UK,2020-05-31,Monitor,2,2048.42,4096.84,SHIPPED,Carlos
625,Customer 625,UK,2020-06-25,Keyboard,15,2280.85,34212.75,DELIVERED,Alice
626,Customer 626,Japan,2021-09-29,Tablet,15,2036.28,30544.2,CANCELLED,Bob
627,Customer 627,Japan,2024-09-02,Phone,16,1250.18,20002.88,DELIVERED,Alice
628,Customer 628,Japan,2021-03-17,Laptop,16,1985.79,31772.64,DELIVERED,Carlos
629,Customer 629,Italy,2021-02-07,Monitor,17,178.6,3036.2,CANCELLED,Alice
630,Customer 630,Japan,2020-08-26,Phone,1,1025.83,1025.83,NEW,Alice
631,Customer 631,UK,2021-02-09,Monitor,2,2007.36,4014.72,DELIVERED,Eve
632,Customer 632,UK,2022-11-15,Tablet,7,2069.54,14486.78,SHIPPED,Bob
633,Customer 633,UK,2024-07-05,Phone,7,937.24,6560.68,SHIPPED,Carlos
634,Customer 634,France,2022-09-27,Monitor,2,1041.28,2082.56,SHIPPED,Eve
635,Customer 635,Japan,2020-11-25,Laptop,17,235.83,4009.11,DELIVERED,Bob
636,Customer 636,France,2024-12-19,Keyboard,8,2025.82,16206.56,DELIVERED,Diana
637,Customer 637,USA,2022-12-25,Phone,20,380.93,7618.6,NEW,Bob
638,Customer 638,Germany,2024-12-04,Tablet,10,630.09,6300.9,CANCELLED,Alice
639,Customer 639,Italy,2021-04-07,Laptop,7,986.08,6902.56,CANCELLED,Alice
640,Customer 640,Germany,2023-11-13,Laptop,7,130.13,910.91,NEW,Diana
641,Customer 641,UK,2020-05-14,Phone,19,1033.1,19628.9,CANCELLED,Eve
642,Customer 642,Australia,2020-09-18,Mouse,4,1059.99,4239.96,NEW,Carlos
643,Customer 643,Australia,2023-04-02,Keyboard,17,788.22,13399.74,SHIPPED,Diana
644,Customer 644,Japan,2020-06-13,Monitor,16,412.84,6605.44,NEW,Eve
645,Customer 645,France,2023-10-15,Laptop,8,458.29,3666.32,NEW,Diana
646,Customer 646,Japan,2022-11-24,Mouse,8,154.48,1235.84,DELIVERED,Eve
647,Customer 647,UK,2022-08-03,Tablet,2,1889.87,3779.74,DELIVERED,Diana
648,Customer 648,UK,2024-05-30,Laptop,5,578.71,2893.55,DELIVERED,Eve
649,Customer 649,USA,2021-12-06,Tablet,9,535.76,4821.84,SHIPPED,Bob
650,Customer 650,Japan,2023-10-26,Laptop,19,421.76,8013.44,SHIPPED,Eve
651,Customer 651,UK,2022-03-22,Laptop,3,1967.93,5903.79,CANCELLED,Eve
652,Customer 652,Germany,2020-02-13,Mouse,10,844.82,8448.2,CANCELLED,Alice
653,Customer 653,USA,2024-12-01,Tablet,7,51.2,358.4,SHIPPED,Bob
654,Customer 654,UK,2021-05-23,Keyboard,3,1988.65,5965.95,CANCELLED,Eve
655,Customer 655,USA,2021-04-19,Laptop,16,1043.61,16697.76,NEW,Carlos
656,Customer 656,Australia,2022-10-25,Laptop,20,1474.99,29499.8,CANCELLED,Bob
657,Customer 657,Australia,2023-01-25,Monitor,12,815.56,9786.72,CANCELLED,Bob
658,Customer 658,Germany,2022-05-17,Keyboard,4,2087.37,8349.48,NEW,Eve
659,Customer 659,USA,2021-05-17,Mouse,7,1948.48,13639.36,DELIVERED,Carlos
660,Customer 660,Australia,2020-09-01,Mouse,1,644.52,644.52,DELIVERED,Bob
661,Customer 661,UK,2023-12-25,Monitor,12,1578.5,18942.0,SHIPPED,Bob
662,Customer 662,USA,2020-01-30,Laptop,18,951.52,17127.36,SHIPPED,Bob
663,Customer 663,USA,2022-09-12,Laptop,14,420.43,5886.02,SHIPPED,Bob
664,Customer 664,France,2024-11-24,Phone,7,1351.18,9458.26,NEW,Bob
665,Customer 665,UK,2023-11-07,Monitor,1,2464.11,2464.11,SHIPPED,Eve
666,Customer 666,France,2024-11-18,Tablet,15,1458.66,21879.9,SHIPPED,Bob
667,Customer 667,UK,2020-04-14,Keyboard,3,91.41,274.23,SHIPPED,Alice
668,Customer 668,Germany,2021-06-24,Mouse,2,1905.16,3810.32,NEW,Carlos
669,Customer 669,Germany,2020-05-23,Monitor,17,2499.84,42497.28,DELIVERED,Alice
670,Customer 670,Australia,2024-12-30,Keyboard,17,351.58,5976.86,DELIVERED,Diana
671,Customer 671,France,2024-01-12,Keyboard,12,110.61,1327.32,NEW,Alice
672,Customer 672,Germany,2021-01-19,Tablet,10,2141.42,21414.2,SHIPPED,Eve
673,Customer 673,UK,2020-12-29,Mouse,1,79.82,79.82,SHIPPED,Carlos
674,Customer 674,Japan,2024-12-03,Phone,2,303.23,606.46,SHIPPED,Carlos
675,Customer 675,Japan,2021-02-01,Keyboard,5,554.96,2774.8,DELIVERED,Bob
676,Customer 676,France,2020-10-09,Keyboard,18,580.32,10445.76,DELIVERED,Carlos
677,Customer 677,USA,2024-01-15,Keyboard,6,1414.43,8486.58,NEW,Bob
678,Customer 678,Australia,2020-11-04,Keyboard,9,2482.54,22342.86,CANCELLED,Alice
679,Customer 679,Australia,2020-09-23,Tablet,5,65.76,328.8,DELIVERED,Bob
680,Customer 680,UK,2021-12-22,Tablet,8,233.06,1864.48,SHIPPED,Alice
681,Customer 681,UK,2024-07-29,Phone,20,104.22,2084.4,CANCELLED,Diana
682,Customer 682,UK,2020-06-18,Laptop,3,1224.97,3674.91,CANCELLED,Alice
683,Customer 683,Australia,2023-02-17,Mouse,7,1194.96,8364.72,SHIPPED,Eve
684,Customer 684,Australia,2022-04-14,Mouse,2,166.44,332.88,CANCELLED,Bob
685,Customer 685,France,2024-11-03,Laptop,12,1456.09,17473.08,DELIVERED,Alice
686,Customer 686,Germany,2023-12-05,Laptop,18,1706.64,30719.52,NEW,Eve
687,Customer 687,Italy,2020-04-19,Keyboard,1,2044.28,2044.28,NEW,Carlos
688,Customer 688,France,2020-12-09,Phone,12,1281.19,15374.28,SHIPPED,Alice
689,Customer 689,Italy,2020-03-03,Mouse,5,2245.15,11225.75,DELIVERED,Carlos
690,Customer 690,USA,2024-05-05,Monitor,18,2462.15,44318.7,CANCELLED,Eve
691,Customer 691,Italy,2024-03-08,Keyboard,16,650.72,10411.52,CANCELLED,Diana
692,Customer 692,Germany,2022-08-31,Monitor,4,59.99,239.96,NEW,Bob
693,Customer 693,Italy,2023-02-03,Laptop,16,2273.74,36379.84,DELIVERED,Bob
694,Customer 694,France,2021-08-25,Keyboard,5,1290.29,6451.45,SHIPPED,Diana
695,Customer 695,Australia,2022-11-19,Tablet,19,101.38,1926.22,DELIVERED,Carlos
696,Customer 696,Japan,2023-01-09,Mouse,17,1490.43,25337.31,DELIVERED,Diana
697,Customer 697,Japan,2021-10-25,Monitor,19,2326.82,44209.58,NEW,Carlos
698,Customer 698,UK,2023-11-26,Mouse,11,1946.8,21414.8,DELIVERED,Diana
699,Customer 699,UK,2024-06-30,Laptop,17,1725.9,29340.3,DELIVERED,Diana
700,Customer 700,UK,2022-11-03,Monitor,18,126.83,2282.94,DELIVERED,Eve
701,Customer 701,France,2024-05-25,Phone,20,2205.12,44102.4,NEW,Alice
702,Customer 702,Italy,2021-05-04,Tablet,20,1170.62,23412.4,DELIVERED,Diana
703,Customer 703,UK,2024-09-02,Phone,14,1040.55,14567.7,SHIPPED,Eve
704,Customer 704,Japan,2021-10-11,Laptop,9,420.67,3786.03,DELIVERED,Alice
705,Customer 705,Germany,2022-03-01,Laptop,4,1309.33,5237.32,SHIPPED,Eve
706,Customer 706,UK,2022-07-12,Laptop,2,1665.14,3330.28,DELIVERED,Alice
707,Customer 707,USA,2022-03-24,Keyboard,4,137.57,550.28,CANCELLED,Alice
708,Customer 708,Japan,2021-05-22,Monitor,17,2124.16,36110.72,CANCELLED,Eve
709,Customer 709,Japan,2020-08-07,Phone,16,954.49,15271.84,CANCELLED,Eve
710,Customer 710,USA,2024-06-13,Monitor,13,1014.95,13194.35,CANCELLED,Diana
711,Customer 711,Australia,2024-08-22,Phone,2,743.56,1487.12,SHIPPED,Carlos
712,Customer 712,UK,2022-12-29,Keyboard,7,1340.08,9380.56,CANCELLED,Diana
713,Customer 713,Australia,2022-10-24,Mouse,10,2427.29,24272.9,SHIPPED,Eve
714,Customer 714,France,2024-12-11,Tablet,19,1611.14,30611.66,CANCELLED,Bob
715,Customer 715,Italy,2022-01-02,Phone,8,1928.82,15430.56,SHIPPED,Diana
716,Customer 716,Australia,2021-05-24,Phone,11,1543.83,16982.13,CANCELLED,Diana
717,Customer 717,Germany,2021-05-05,Tablet,11,624.85,6873.35,DELIVERED,Carlos
718,Customer 718,Japan,2021-10-15,Phone,8,2394.77,19158.16,CANCELLED,Carlos
719,Customer 719,Japan,2022-01-29,Tablet,11,98.08,1078.88,SHIPPED,Alice
720,Customer 720,UK,2022-12-31,Laptop,1,2439.79,2439.79,DELIVERED,Diana
721,Customer 721,France,2022-05-04,Keyboard,12,399.18,4790.16,SHIPPED,Alice
722,Customer 722,Japan,2022-09-23,Keyboard,13,792.78,10306.14,CANCELLED,Eve
723,Customer 723,USA,2020-09-07,Laptop,13,2229.16,28979.08,DELIVERED,Diana
724,Customer 724,Japan,2021-03-06,Keyboard,11,640.23,7042.53,NEW,Alice
725,Customer 725,Australia,2022-09-08,Mouse,8,2356.72,18853.76,DELIVERED,Carlos
726,Customer 726,Japan,2021-08-02,Mouse,19,1648.26,31316.94,CANCELLED,Alice
727,Customer 727,UK,2022-06-24,Keyboard,2,2318.61,4637.22,NEW,Carlos
728,Customer 728,Italy,2021-03-29,Monitor,20,1229.79,24595.8,CANCELLED,Alice
729,Customer 729,Australia,2024-10-12,Keyboard,1,738.92,738.92,CANCELLED,Alice
730,Customer 730,Italy,2024-04-15,Tablet,8,1364.06,10912.48,NEW,Carlos
731,Customer 731,Japan,2022-03-17,Tablet,14,1006.38,14089.32,DELIVERED,Diana
732,Customer 732,USA,2020-04-14,Keyboard,2,372.03,744.06,NEW,Eve
733,Customer 733,Australia,2024-11-13,Laptop,4,1445.64,5782.56,CANCELLED,Eve
734,Customer 734,Germany,2022-10-21,Mouse,8,2416.81,19334.48,SHIPPED,Bob
735,Customer 735,UK,2020-04-04,Keyboard,20,1798.02,35960.4,CANCELLED,Diana
736,Customer 736,Germany,2020-10-10,Keyboard,4,2232.28,8929.12,DELIVERED,Alice
737,Customer 737,France,2022-06-05,Phone,13,1917.0,24921.0,DELIVERED,Alice
738,Customer 738,USA,2020-09-15,Tablet,17,1049.33,17838.61,SHIPPED,Carlos
739,Customer 739,Japan,2023-04-26,Mouse,15,1732.77,25991.55,NEW,Carlos
740,Customer 740,Italy,2023-12-23,Laptop,6,1553.56,9321.36,SHIPPED,Eve
741,Customer 741,Japan,2020-01-20,Laptop,3,731.69,2195.07,SHIPPED,Carlos
742,Customer 742,Australia,2020-03-06,Keyboard,20,815.38,16307.6,DELIVERED,Diana
743,Customer 743,Germany,2023-04-11,Laptop,4,1931.82,7727.28,CANCELLED,Diana
744,Customer 744,Italy,2020-04-29,Tablet,13,2013.69,26177.97,SHIPPED,Carlos
745,Customer 745,France,2023-04-25,Mouse,14,1511.14,21155.96,CANCELLED,Alice
746,Customer 746,Italy,2022-04-23,Phone,9,1366.62,12299.58,DELIVERED,Diana
747,Customer 747,Germany,2023-08-20,Laptop,12,502.5,6030.0,NEW,Carlos
748,Customer 748,Australia,2020-08-06,Laptop,6,1359.0,8154.0,CANCELLED,Bob
749,Customer 749,Italy,2021-03-07,Phone,5,2196.9,10984.5,CANCELLED,Diana
750,Customer 750,Germany,2021-05-08,Laptop,13,607.42,7896.46,CANCELLED,Diana
751,Customer 751,Germany,2020-01-29,Mouse,5,1013.75,5068.75,DELIVERED,Diana
752,Customer 752,Italy,2021-10-26,Tablet,15,856.7,12850.5,SHIPPED,Eve
753,Customer 753,UK,2020-10-30,Laptop,18,1112.27,20020.86,CANCELLED,Diana
754,Customer 754,Germany,2021-06-29,Phone,5,273.98,1369.9,CANCELLED,Eve
755,Customer 755,Italy,2022-03-31,Laptop,18,2010.95,36197.1,SHIPPED,Bob
756,Customer 756,Italy,2024-12-27,Phone,11,1985.8,21843.8,SHIPPED,Alice
757,Customer 757,Australia,2024-01-05,Mouse,2,1666.29,3332.58,SHIPPED,Diana
758,Customer 758,France,2024-05-14,Keyboard,8,1731.58,13852.64,CANCELLED,Eve
759,Customer 759,USA,2023-09-15,Keyboard,18,1828.59,32914.62,CANCELLED,Eve
760,Customer 760,Australia,2022-11-27,Keyboard,15,1195.19,17927.85,CANCELLED,Alice
761,Customer 761,USA,2021-05-13,Tablet,3,1000.55,3001.65,DELIVERED,Diana
762,Customer 762,France,2022-01-06,Laptop,20,1991.43,39828.6,CANCELLED,Bob
763,Customer 763,Australia,2020-04-15,Laptop,13,930.31,12094.03,DELIVERED,Eve
764,Customer 764,USA,2024-10-06,Laptop,4,1047.19,4188.76,NEW,Carlos
765,Customer 765,Australia,2024-03-21,Keyboard,15,305.91,4588.65,CANCELLED,Bob
766,Customer 766,UK,2022-03-06,Tablet,8,844.29,6754.32,SHIPPED,Bob
767,Customer 767,USA,2023-09-28,Laptop,7,1301.86,9113.02,NEW,Eve
768,Customer 768,France,2021-01-28,Phone,1,1781.03,1781.03,DELIVERED,Bob
769,Customer 769,Japan,2023-11-19,Laptop,3,385.09,1155.27,DELIVERED,Alice
770,Customer 770,Germany,2022-09-14,Tablet,20,1793.36,35867.2,CANCELLED,Carlos
771,Customer 771,Italy,2020-12-17,Laptop,18,1761.85,31713.3,DELIVERED,Diana
772,Customer 772,Germany,2021-05-04,Monitor,14,2043.79,28613.06,DELIVERED,Diana
773,Customer 773,Germany,2024-11-14,Phone,8,1838.58,14708.64,NEW,Eve
774,Customer 774,Australia,2023-02-06,Tablet,3,2457.61,7372.83,CANCELLED,Alice
775,Customer 775,UK,2022-10-13,Tablet,17,1477.52,25117.84,CANCELLED,Bob
776,Customer 776,Australia,2020-12-05,Monitor,19,1600.79,30415.01,SHIPPED,Eve
777,Customer 777,USA,2024-12-06,Laptop,2,679.15,1358.3,NEW,Eve
778,Customer 778,UK,2022-10-24,Keyboard,15,1628.77,24431.55,SHIPPED,Eve
779,Customer 779,USA,2020-08-24,Tablet,7,686.67,4806.69,NEW,Eve
780,Customer 780,France,2024-03-14,Keyboard,2,877.66,1755.32,NEW,Diana
781,Customer 781,Germany,2024-10-20,Monitor,2,632.15,1264.3,NEW,Eve
782,Customer 782,Japan,2024-07-10,Keyboard,17,1778.67,30237.39,CANCELLED,Alice
783,Customer 783,Italy,2021-04-25,Phone,3,1743.73,5231.19,NEW,Diana
784,Customer 784,Germany,2024-03-19,Tablet,10,424.54,4245.4,SHIPPED,Bob
785,Customer 785,USA,2024-02-09,Laptop,12,2402.79,28833.48,SHIPPED,Alice
786,Customer 786,USA,2023-05-10,Mouse,18,1887.38,33972.84,SHIPPED,Carlos
787,Customer 787,USA,2024-01-13,Keyboard,3,1496.33,4488.99,SHIPPED,Alice
788,Customer 788,Germany,2024-07-27,Laptop,16,1218.59,19497.44,NEW,Diana
789,Customer 789,UK,2022-07-27,Tablet,20,406.34,8126.8,NEW,Bob
790,Customer 790,Germany,2022-04-08,Phone,7,1769.78,12388.46,DELIVERED,Bob
791,Customer 791,USA,2021-04-27,Mouse,8,2201.66,17613.28,NEW,Eve
792,Customer 792,Germany,2024-10-16,Monitor,7,922.66,6458.62,CANCELLED,Diana
793,Customer 793,Japan,2021-03-17,Monitor,13,2405.56,31272.28,CANCELLED,Carlos
794,Customer 794,Italy,2023-05-20,Tablet,3,2490.26,7470.78,NEW,Carlos
795,Customer 795,Japan,2024-04-12,Laptop,4,1115.47,4461.88,SHIPPED,Eve
796,Customer 796,Australia,2024-04-22,Monitor,2,1394.44,2788.88,CANCELLED,Eve
797,Customer 797,Germany,2023-11-16,Mouse,19,1034.91,19663.29,SHIPPED,Eve
798,Customer 798,France,2024-12-14,Keyboard,13,2418.98,31446.74,CANCELLED,Carlos
799,Customer 799,France,2023-01-10,Laptop,9,1485.39,13368.51,CANCELLED,Bob
800,Customer 800,Italy,2021-09-03,Phone,20,285.62,5712.4,CANCELLED,Bob
801,Customer 801,UK,2022-03-16,Monitor,3,594.67,1784.01,NEW,Diana
802,Customer 802,Japan,2020-12-25,Phone,18,1542.61,27766.98,CANCELLED,Alice
803,Customer 803,Germany,2021-03-01,Keyboard,4,529.31,2117.24,SHIPPED,Diana
804,Customer 804,Australia,2021-09-30,Mouse,16,1596.35,25541.6,DELIVERED,Diana
805,Customer 805,USA,2020-07-28,Keyboard,12,612.63,7351.56,SHIPPED,Alice
806,Customer 806,Italy,2023-08-28,Phone,18,2331.21,41961.78,CANCELLED,Alice
807,Customer 807,Germany,2021-08-17,Laptop,10,1135.4,11354.0,NEW,Alice
808,Customer 808,USA,2022-11-13,Monitor,3,2343.78,7031.34,SHIPPED,Bob
809,Customer 809,France,2022-09-01,Tablet,4,523.79,2095.16,SHIPPED,Diana
810,Customer 810,Japan,2021-11-05,Laptop,3,796.32,2388.96,DELIVERED,Bob
811,Customer 811,Italy,2022-02-25,Mouse,9,1933.52,17401.68,CANCELLED,Eve
812,Customer 812,Germany,2024-10-03,Laptop,15,811.25,12168.75,NEW,Alice
813,Customer 813,Italy,2023-07-21,Keyboard,5,1819.9,9099.5,CANCELLED,Diana
814,Customer 814,Germany,2022-12-30,Phone,15,37.52,562.8,SHIPPED,Carlos
815,Customer 815,France,2020-06-16,Laptop,16,1148.35,18373.6,NEW,Carlos
816,Customer 816,Japan,2024-02-10,Keyboard,16,1806.43,28902.88,NEW,Diana
817,Customer 817,UK,2022-09-02,Keyboard,1,532.6,532.6,SHIPPED,Alice
818,Customer 818,Germany,2024-12-09,Phone,19,1649.56,31341.64,DELIVERED,Eve
819,Customer 819,Germany,2022-08-14,Phone,10,221.03,2210.3,CANCELLED,Bob
820,Customer 820,Japan,2022-12-09,Mouse,10,2076.73,20767.3,SHIPPED,Diana
821,Customer 821,Italy,2021-03-08,Mouse,19,798.13,15164.47,CANCELLED,Diana
822,Customer 822,Australia,2020-09-14,Monitor,2,1092.02,2184.04,CANCELLED,Bob
823,Customer 823,Australia,2022-12-06,Mouse,8,520.15,4161.2,CANCELLED,Bob
824,Customer 824,UK,2023-01-16,Phone,6,2174.74,13048.44,DELIVERED,Eve
825,Customer 825,Italy,2022-06-02,Tablet,2,164.28,328.56,CANCELLED,Carlos
826,Customer 826,USA,2021-08-15,Laptop,12,2188.43,26261.16,CANCELLED,Diana
827,Customer 827,Australia,2022-04-19,Laptop,13,646.74,8407.62,DELIVERED,Carlos
828,Customer 828,Germany,2020-02-20,Phone,15,1790.3,26854.5,CANCELLED,Bob
829,Customer 829,UK,2024-05-26,Phone,16,1221.3,19540.8,SHIPPED,Carlos
830,Customer 830,UK,2023-11-03,Phone,19,1920.36,36486.84,DELIVERED,Carlos
831,Customer 831,Italy,2024-11-10,Monitor,19,370.04,7030.76,SHIPPED,Bob
832,Customer 832,USA,2023-02-14,Laptop,16,1851.0,29616.0,SHIPPED,Alice
833,Customer 833,Italy,2022-08-07,Keyboard,5,1385.57,6927.85,SHIPPED,Eve
834,Customer 834,Italy,2020-02-26,Phone,15,1015.46,15231.9,DELIVERED,Alice
835,Customer 835,USA,2024-02-19,Tablet,12,2160.54,25926.48,DELIVERED,Bob
836,Customer 836,France,2022-03-20,Phone,17,997.68,16960.56,CANCELLED,Bob
837,Customer 837,Germany,2023-04-07,Mouse,6,1973.07,11838.42,DELIVERED,Diana
838,Customer 838,UK,2020-12-13,Tablet,8,459.94,3679.52,SHIPPED,Alice
839,Customer 839,USA,2024-07-08,Monitor,8,1022.29,8178.32,NEW,Eve
840,Customer 840,Italy,2021-11-02,Mouse,9,1624.46,14620.14,CANCELLED,Bob
841,Customer 841,Italy,2021-04-17,Mouse,10,1779.28,17792.8,DELIVERED,Eve
842,Customer 842,USA,2022-06-03,Monitor,20,822.28,16445.6,DELIVERED,Eve
843,Customer 843,Australia,2021-02-17,Tablet,6,240.48,1442.88,CANCELLED,Bob
844,Customer 844,Italy,2024-09-02,Monitor,6,436.36,2618.16,CANCELLED,Bob
845,Customer 845,Germany,2024-06-24,Phone,11,165.83,1824.13,NEW,Carlos
846,Customer 846,USA,2022-10-06,Mouse,13,698.49,9080.37,SHIPPED,Carlos
847,Customer 847,Germany,2022-05-21,Keyboard,9,754.35,6789.15,CANCELLED,Diana
848,Customer 848,France,2023-02-23,Laptop,12,207.03,2484.36,SHIPPED,Alice
849,Customer 849,UK,2021-06-13,Keyboard,8,1419.34,11354.72,CANCELLED,Eve
850,Customer 850,Germany,2024-11-13,Phone,20,476.59,9531.8,DELIVERED,Bob
851,Customer 851,Japan,2021-05-19,Monitor,13,2175.8,28285.4,SHIPPED,Eve
852,Customer 852,Japan,2021-06-20,Keyboard,8,1923.5,15388.0,NEW,Alice
853,Customer 853,Australia,2023-09-12,Tablet,18,2075.03,37350.54,CANCELLED,Eve
854,Customer 854,Italy,2022-08-12,Keyboard,18,308.7,5556.6,SHIPPED,Carlos
855,Customer 855,USA,2020-04-26,Mouse,10,685.76,6857.6,DELIVERED,Bob
856,Customer 856,France,2021-01-01,Keyboard,12,1091.32,13095.84,DELIVERED,Alice
857,Customer 857,USA,2020-06-15,Monitor,11,1179.07,12969.77,CANCELLED,Bob
858,Customer 858,Italy,2024-08-12,Tablet,3,2046.06,6138.18,DELIVERED,Carlos
859,Customer 859,Italy,2021-12-28,Phone,11,1541.5,16956.5,CANCELLED,Eve
860,Customer 860,Germany,2024-07-04,Laptop,8,1372.56,10980.48,NEW,Bob
861,Customer 861,Japan,2024-12-29,Laptop,20,43.36,867.2,SHIPPED,Alice
862,Customer 862,Japan,2021-12-18,Keyboard,10,1103.54,11035.4,NEW,Alice
863,Customer 863,Australia,2022-08-04,Phone,15,610.19,9152.85,DELIVERED,Eve
864,Customer 864,USA,2020-07-17,Laptop,18,613.07,11035.26,NEW,Bob
865,Customer 865,UK,2022-11-10,Phone,19,154.23,2930.37,CANCELLED,Carlos
866,Customer 866,Japan,2022-10-15,Keyboard,5,1053.6,5268.0,DELIVERED,Diana
867,Customer 867,USA,2024-06-13,Phone,3,25.42,76.26,CANCELLED,Carlos
868,Customer 868,France,2022-07-22,Monitor,9,653.88,5884.92,SHIPPED,Alice
869,Customer 869,France,2024-04-01,Tablet,18,1250.29,22505.22,NEW,Diana
870,Customer 870,Japan,2023-01-27,Phone,8,1234.99,9879.92,SHIPPED,Bob
871,Customer 871,Italy,2022-06-28,Laptop,19,1950.48,37059.12,CANCELLED,Alice
872,Customer 872,Germany,2023-08-02,Mouse,16,2170.67,34730.72,CANCELLED,Bob
873,Customer 873,Germany,2020-04-05,Monitor,16,2275.48,36407.68,SHIPPED,Alice
874,Customer 874,Italy,2022-06-25,Keyboard,15,257.52,3862.8,SHIPPED,Bob
875,Customer 875,USA,2024-11-27,Tablet,10,224.77,2247.7,DELIVERED,Carlos
876,Customer 876,France,2024-01-19,Tablet,3,438.17,1314.51,CANCELLED,Carlos
877,Customer 877,France,2024-09-24,Phone,1,663.39,663.39,DELIVERED,Alice
878,Customer 878,Japan,2024-10-03,Phone,20,688.81,13776.2,NEW,Diana
879,Customer 879,UK,2023-08-17,Mouse,11,1197.48,13172.28,CANCELLED,Diana
880,Customer 880,Japan,2022-04-09,Keyboard,19,2468.28,46897.32,SHIPPED,Eve
881,Customer 881,France,2021-10-31,Monitor,13,164.95,2144.35,CANCELLED,Carlos
882,Customer 882,France,2022-03-31,Mouse,14,1791.3,25078.2,CANCELLED,Eve
883,Customer 883,Australia,2021-08-15,Phone,8,2148.71,17189.68,NEW,Eve
884,Customer 884,UK,2022-01-12,Mouse,3,1275.07,3825.21,SHIPPED,Carlos
885,Customer 885,Japan,2022-10-21,Mouse,9,2004.84,18043.56,SHIPPED,Carlos
886,Customer 886,Germany,2021-09-07,Phone,3,280.11,840.33,NEW,Diana
887,Customer 887,Japan,2022-09-12,Phone,15,1445.83,21687.45,DELIVERED,Alice
888,Customer 888,UK,2020-05-05,Tablet,3,1152.37,3457.11,CANCELLED,Eve
889,Customer 889,Germany,2024-01-19,Laptop,6,2274.02,13644.12,CANCELLED,Eve
890,Customer 890,Germany,2022-01-17,Keyboard,6,222.81,1336.86,NEW,Eve
891,Customer 891,USA,2023-06-20,Mouse,12,2045.12,24541.44,NEW,Diana
892,Customer 892,Australia,2022-06-29,Phone,2,1129.6,2259.2,SHIPPED,Eve
893,Customer 893,Japan,2021-10-31,Laptop,5,1766.89,8834.45,NEW,Carlos
894,Customer 894,Japan,2022-06-13,Laptop,6,998.26,5989.56,SHIPPED,Diana
895,Customer 895,UK,2020-11-19,Monitor,14,1262.9,17680.6,CANCELLED,Diana
896,Customer 896,Japan,2022-08-07,Laptop,3,898.69,2696.07,NEW,Bob
897,Customer 897,USA,2020-09-20,Monitor,7,1060.96,7426.72,NEW,Eve
898,Customer 898,USA,2020-11-23,Laptop,11,1523.32,16756.52,CANCELLED,Alice
899,Customer 899,Italy,2021-12-05,Phone,16,701.36,11221.76,NEW,Diana
900,Customer 900,UK,2023-02-13,Tablet,6,2142.61,12855.66,DELIVERED,Eve
901,Customer 901,UK,2024-05-04,Mouse,11,894.2,9836.2,NEW,Alice
902,Customer 902,Japan,2020-02-26,Monitor,15,1508.88,22633.2,DELIVERED,Bob
903,Customer 903,UK,2024-11-21,Keyboard,9,299.87,2698.83,NEW,Carlos
904,Customer 904,Australia,2020-11-18,Keyboard,9,1810.4,16293.6,CANCELLED,Eve
905,Customer 905,Germany,2022-12-04,Mouse,18,674.86,12147.48,SHIPPED,Eve
906,Customer 906,France,2022-11-13,Monitor,14,532.59,7456.26,CANCELLED,Eve
907,Customer 907,UK,2022-06-08,Monitor,7,2308.1,16156.7,SHIPPED,Carlos
908,Customer 908,USA,2021-03-26,Tablet,17,1489.19,25316.23,NEW,Eve
909,Customer 909,Australia,2024-10-24,Mouse,12,176.05,2112.6,NEW,Alice
910,Customer 910,Australia,2022-07-10,Phone,2,756.25,1512.5,NEW,Diana
911,Customer 911,Australia,2020-10-02,Monitor,13,2344.15,30473.95,DELIVERED,Bob
912,Customer 912,Germany,2020-04-01,Mouse,15,1369.59,20543.85,SHIPPED,Bob
913,Customer 913,Italy,2020-07-21,Mouse,7,2295.74,16070.18,SHIPPED,Bob
914,Customer 914,UK,2024-07-31,Keyboard,10,1002.55,10025.5,NEW,Carlos
915,Customer 915,USA,2022-04-20,Mouse,18,104.0,1872.0,SHIPPED,Bob
916,Customer 916,Japan,2020-07-09,Tablet,1,1172.74,1172.74,SHIPPED,Alice
917,Customer 917,France,2022-05-15,Keyboard,1,146.96,146.96,CANCELLED,Eve
918,Customer 918,Australia,2023-03-31,Phone,15,2377.91,35668.65,NEW,Diana
919,Customer 919,France,2022-04-05,Phone,19,323.23,6141.37,DELIVERED,Bob
920,Customer 920,Italy,2021-12-08,Laptop,16,131.44,2103.04,SHIPPED,Alice
921,Customer 921,France,2023-04-25,Phone,13,505.95,6577.35,NEW,Carlos
922,Customer 922,Italy,2024-04-21,Mouse,16,237.66,3802.56,DELIVERED,Carlos
923,Customer 923,Italy,2020-06-25,Tablet,2,1587.78,3175.56,DELIVERED,Diana
924,Customer 924,France,2021-09-19,Phone,6,189.09,1134.54,NEW,Carlos
925,Customer 925,Australia,2021-12-16,Monitor,4,670.17,2680.68,CANCELLED,Alice
926,Customer 926,Australia,2022-02-17,Monitor,18,719.43,12949.74,NEW,Carlos
927,Customer 927,UK,2021-11-20,Mouse,17,349.35,5938.95,CANCELLED,Carlos
928,Customer 928,France,2023-02-28,Laptop,3,485.98,1457.94,CANCELLED,Alice
929,Customer 929,USA,2024-07-01,Keyboard,14,1023.68,14331.52,CANCELLED,Carlos
930,Customer 930,Italy,2021-12-09,Laptop,19,605.79,11510.01,NEW,Diana
931,Customer 931,Germany,2024-02-11,Mouse,1,439.4,439.4,DELIVERED,Carlos
932,Customer 932,Japan,2020-04-05,Phone,18,234.27,4216.86,SHIPPED,Bob
933,Customer 933,Germany,2023-06-10,Mouse,11,1948.22,21430.42,DELIVERED,Carlos
934,Customer 934,Australia,2021-07-15,Mouse,11,2208.82,24297.02,SHIPPED,Carlos
935,Customer 935,Germany,2024-02-15,Monitor,13,1911.66,24851.58,SHIPPED,Carlos
936,Customer 936,Japan,2021-04-16,Mouse,18,1644.06,29593.08,SHIPPED,Bob
937,Customer 937,Italy,2020-03-05,Tablet,9,1152.9,10376.1,DELIVERED,Alice
938,Customer 938,Japan,2024-12-02,Mouse,15,1012.03,15180.45,DELIVERED,Alice
939,Customer 939,Italy,2021-05-25,Tablet,1,94.31,94.31,SHIPPED,Eve
940,Customer 940,France,2021-09-17,Laptop,14,194.59,2724.26,DELIVERED,Eve
941,Customer 941,France,2020-08-25,Phone,10,932.64,9326.4,NEW,Bob
942,Customer 942,Germany,2021-11-17,Phone,7,2055.24,14386.68,NEW,Eve
943,Customer 943,Japan,2020-08-12,Laptop,6,1221.36,7328.16,NEW,Eve
944,Customer 944,UK,2022-06-20,Mouse,19,1366.05,25954.95,CANCELLED,Diana
945,Customer 945,Italy,2020-04-07,Monitor,11,136.66,1503.26,SHIPPED,Bob
946,Customer 946,UK,2021-08-31,Phone,4,2368.54,9474.16,SHIPPED,Carlos
947,Customer 947,USA,2020-12-20,Monitor,5,1068.36,5341.8,NEW,Eve
948,Customer 948,Japan,2022-07-20,Tablet,12,811.09,9733.08,CANCELLED,Diana
949,Customer 949,UK,2021-01-20,Keyboard,17,319.36,5429.12,SHIPPED,Alice
950,Customer 950,Italy,2021-05-16,Mouse,20,2467.56,49351.2,DELIVERED,Diana
951,Customer 951,Italy,2022-03-31,Keyboard,11,465.03,5115.33,NEW,Alice
952,Customer 952,USA,2023-08-29,Keyboard,18,1422.78,25610.04,DELIVERED,Eve
953,Customer 953,UK,2023-06-24,Tablet,14,1626.21,22766.94,NEW,Eve
954,Customer 954,France,2023-07-16,Mouse,6,1318.57,7911.42,NEW,Carlos
955,Customer 955,Japan,2023-05-28,Mouse,2,1474.12,2948.24,SHIPPED,Bob
956,Customer 956,UK,2022-12-05,Monitor,10,1391.37,13913.7,CANCELLED,Bob
957,Customer 957,Australia,2024-05-23,Monitor,15,1491.71,22375.65,SHIPPED,Diana
958,Customer 958,UK,2020-06-29,Keyboard,18,342.67,6168.06,CANCELLED,Bob
959,Customer 959,Japan,2022-12-17,Monitor,10,2251.59,22515.9,DELIVERED,Diana
960,Customer 960,Australia,2020-02-11,Tablet,4,901.59,3606.36,NEW,Bob
961,Customer 961,Germany,2022-05-24,Monitor,4,1535.8,6143.2,DELIVERED,Alice
962,Customer 962,UK,2022-09-14,Monitor,4,183.23,732.92,DELIVERED,Carlos
963,Customer 963,Germany,2022-06-30,Laptop,17,264.17,4490.89,SHIPPED,Diana
964,Customer 964,Italy,2024-02-01,Keyboard,19,132.57,2518.83,DELIVERED,Alice
965,Customer 965,USA,2022-01-19,Keyboard,16,820.24,13123.84,CANCELLED,Eve
966,Customer 966,France,2023-03-18,Monitor,11,1263.13,13894.43,CANCELLED,Diana
967,Customer 967,France,2021-03-20,Tablet,1,2431.2,2431.2,NEW,Diana
968,Customer 968,Australia,2023-10-26,Tablet,20,854.58,17091.6,DELIVERED,Alice
969,Customer 969,Japan,2024-10-24,Keyboard,20,1091.15,21823.0,CANCELLED,Diana
970,Customer 970,Japan,2021-09-04,Phone,13,1500.29,19503.77,DELIVERED,Bob
971,Customer 971,UK,2021-11-13,Mouse,11,938.52,10323.72,DELIVERED,Diana
972,Customer 972,France,2022-04-22,Mouse,15,1313.84,19707.6,CANCELLED,Eve
973,Customer 973,Japan,2024-03-30,Mouse,19,672.12,12770.28,DELIVERED,Bob
974,Customer 974,Germany,2024-03-09,Laptop,19,2319.77,44075.63,CANCELLED,Carlos
975,Customer 975,USA,2024-10-12,Monitor,3,1484.84,4454.52,SHIPPED,Alice
976,Customer 976,Japan,2022-08-07,Mouse,3,2432.03,7296.09,CANCELLED,Eve
977,Customer 977,Germany,2020-11-01,Keyboard,11,543.53,5978.83,CANCELLED,Diana
978,Customer 978,USA,2021-07-05,Mouse,5,2345.69,11728.45,CANCELLED,Diana
979,Customer 979,UK,2020-08-29,Mouse,4,940.53,3762.12,NEW,Diana
980,Customer 980,USA,2021-04-24,Keyboard,14,2393.4,33507.6,CANCELLED,Alice
981,Customer 981,France,2022-01-27,Tablet,13,1051.63,13671.19,NEW,Alice
982,Customer 982,Italy,2023-04-27,Mouse,18,679.81,12236.58,SHIPPED,Eve
983,Customer 983,Japan,2022-02-05,Mouse,20,1819.66,36393.2,DELIVERED,Alice
984,Customer 984,Australia,2021-01-23,Monitor,4,1822.63,7290.52,CANCELLED,Diana
985,Customer 985,France,2024-01-29,Monitor,15,1223.91,18358.65,DELIVERED,Alice
986,Customer 986,France,2022-08-09,Tablet,9,2495.13,22456.17,CANCELLED,Bob
987,Customer 987,UK,2022-05-03,Laptop,10,605.16,6051.6,DELIVERED,Alice
988,Customer 988,France,2023-12-18,Mouse,3,978.57,2935.71,CANCELLED,Diana
989,Customer 989,Germany,2022-06-03,Phone,10,1375.93,13759.3,CANCELLED,Alice
990,Customer 990,UK,2020-05-27,Mouse,6,131.31,787.86,CANCELLED,Diana
991,Customer 991,France,2024-06-21,Laptop,1,2392.92,2392.92,DELIVERED,Diana
992,Customer 992,Italy,2023-09-05,Mouse,2,684.53,1369.06,CANCELLED,Diana
993,Customer 993,Italy,2022-01-29,Phone,2,1842.98,3685.96,CANCELLED,Eve
994,Customer 994,Italy,2024-03-18,Tablet,5,2129.66,10648.3,NEW,Carlos
995,Customer 995,Germany,2024-02-21,Keyboard,4,1657.52,6630.08,CANCELLED,Alice
996,Customer 996,Australia,2020-10-23,Laptop,10,1461.81,14618.1,NEW,Diana
997,Customer 997,Germany,2020-01-21,Monitor,11,1387.54,15262.94,CANCELLED,Eve
998,Customer 998,Italy,2023-02-02,Tablet,1,1418.34,1418.34,DELIVERED,Diana
999,Customer 999,UK,2020-12-17,Phone,10,833.63,8336.3,CANCELLED,Alice
1000,Customer 1000,Germany,2020-09-08,Keyboard,2,2380.19,4760.38,NEW,Eve
